"Name","Price","Material 1","Amount","Material 2","Amount","Material 3","Amount","Material 4","Amount","Defense","Fire Res","Thunder Res","Dragon Res","Water Res","Ice Res","Gender","Hunter Type","Rarity","HR","Elder*","Slots","Skill 1","Skill Point","Skill 2","Skill Point","Skill 3","Skill Point","Skill 4","Skill Point","Skill 5","Skill Point"
,,,,,,,,,,,,,,,,,,,,,,,,,,,,,,,
"Mafumofu Mittens","50z","Anteka Pelt",1,,,,,,,1,0,0,0,0,3,"Male/ Female","Blade/ Gunner",1,1,1,"O--","Snow Res",1,"Protection",2,"Heat Res",-2,"Cold Res",4,,
"Leather Vambraces","150z","Sm Monster Bone",1,"Anteka Pelt",1,,,,,2,2,0,0,0,0,"Male/ Female","Blade/ Gunner",1,1,1,"O--","Throw",2,"Backpackng",2,"Gathering",3,"Alchemy",2,,
"Chain Vambraces","300z","Iron Ore",2,"Sm Monster Bone",3,,,,,4,2,-2,0,2,1,"Male/ Female","Blade/ Gunner",1,1,1,"O--","Paralysis",-1,"Health",2,"Hunger",2,"Map",2,"Whim",2
"Hunter Vambraces","450z","Iron Ore",2,"Bullfango Pelt",1,"Ivy",2,,,8,0,-4,0,0,0,"Male/ Female","Blade",1,1,1,"O--","Faint",-1,"Health",3,"PsychicVis",3,"Carving",2,,
"Hunter Guards","450z","Iron Ore",2,"Bullfango Pelt",1,"Ivy",2,,,6,2,-2,0,2,2,"Male/ Female","Gunner",1,1,1,"O--","Faint",-1,"PsychicVis",3,"Precision",3,"Carving",2,,
"Bone Vambraces","650z","Sm Monster Bone",5,"Anteka Pelt",2,"Giaprey Scale",1,,,14,2,-2,-2,2,-2,"Male/ Female","Blade",2,1,1,"O--","Gluttony",3,"Anti-Theft",2,"Map",-1,"PsychicVis",1,"Horn",2
"Bone Guards","650z","Sm Monster Bone",5,"Anteka Pelt",2,"Giaprey Scale",1,,,8,5,0,0,5,-1,"Male/ Female","Gunner",2,1,1,"O--","Gluttony",3,"Anti-Theft",2,"Map",-1,"PsychicVis",1,"BBQ",2
"Giaprey Vambraces","750z","Giaprey Scale",2,"Iron Ore",5,"Anteka Pelt",1,,,16,0,1,-1,1,3,"Male/ Female","Blade",2,1,1,"O--","Snow Res",3,"Fire Res",-2,"Ice Res",2,"PsychicVis",2,,
"Giaprey Guards","750z","Giaprey Scale",2,"Iron Ore",5,"Anteka Pelt",1,,,8,1,3,0,3,4,"Male/ Female","Gunner",2,1,1,"O--","Snow Res",3,"PelletSAdd",2,"Fire Res",-2,"PsychicVis",2,,
"Battle Vambraces","750z","Kelbi Hide",1,"Iron Ore",3,"Earth Crystal",2,"Whetstone",2,16,2,-2,0,-2,-1,"Male/ Female","Blade",2,1,1,"O--","SwdShrpner",2,"Guard",2,"Hunger",-1,"Attack",2,"PsychicVis",2
"Battle Guards","750z","Kelbi Hide",1,"Iron Ore",3,"Huskberry",10,"Sm Bone Husk",3,10,4,0,2,0,0,"Male/ Female","Gunner",2,1,1,"O--","Load",2,"NormalS Up",2,"Hunger",-1,"Attack",2,"PsychicVis",2
"Velociprey Braces","1150z","Velociprey Scale",3,"Velociprey Hide",2,"Earth Crystal",1,"Disk Stone",3,20,1,1,-1,1,0,"Male/ Female","Blade",2,1,2,"O--","Paralysis",-1,"Faint",3,"SwdShrpner",1,"PsychicVis",2,"MixSucRate",2
"Velociprey Guards","1150z","Velociprey Scale",3,"Velociprey Hide",2,"Earth Crystal",1,"Disk Stone",3,10,3,3,0,3,1,"Male/ Female","Gunner",2,1,2,"O--","Paralysis",-1,"Faint",3,"PelletS Up",2,"PsychicVis",1,"Shot Mix",2
"Vespoid Vambraces","1150z","Vespoid Wing",3,"Iron Ore",3,"Earth Crystal",2,,,20,-6,2,2,-5,-4,"Male/ Female","Blade",3,1,1,"O--","Paralysis",2,"Poison",-1,"Backpackng",4,"Everlastng",2,,
"Vespoid Guards","1150z","Vespoid Shell",4,"Iron Ore",3,"Earth Crystal",2,,,10,-5,5,2,-4,-3,"Male/ Female","Gunner",3,1,1,"O--","Paralysis",2,"Poison",-1,"Backpackng",4,"Everlastng",2,,
"Hi-Metal Vambraces","1150z","Machalite Ore",3,"Iron Ore",4,"Carpenterbug",2,,,20,-2,3,0,-2,-1,"Male/ Female","Blade",3,1,1,"O--","Health",3,"Whim",2,"Stamina",-2,"Gunnery",2,,
"Hi-Metal Guards","1150z","Machalite Ore",3,"Iron Ore",4,"Carpenterbug",2,,,10,0,5,0,0,0,"Male/ Female","Gunner",3,1,1,"O--","Health",3,"CragS Add",1,"Stamina",-2,"Gunnery",3,,
"Hornet Vambraces","1350z","Hornetaur Wing",3,"Hornetaur Shell",3,"Iron Ore",5,"Monster Fluid",1,22,-6,-5,2,-1,-5,"Male/ Female","Blade",3,1,2,"O--","Protection",-2,"HearProtct",2,"Dragon Res",2,"Gathering",3,,
"Hornet Guards","1350z","Hornetaur Wing",3,"Hornetaur Shell",3,"Iron Ore",5,"Monster Fluid",1,11,-5,-3,3,2,-4,"Male/ Female","Gunner",3,1,2,"O--","Protection",-2,"HearProtct",3,"Dragon Res",2,"Gathering",2,,
"Genprey Vambraces","1350z","Genprey Fang",5,"Genprey Scale",4,"Iron Ore",2,"Kut-Ku Scale",1,22,2,3,-1,-2,-2,"Male/ Female","Blade",3,1,2,"O--","Paralysis",3,"Poison",-1,"Health",3,"SwdShrpner",2,,
"Genprey Guards","1350z","Genprey Fang",5,"Genprey Scale",4,"Iron Ore",2,"Kut-Ku Scale",1,11,4,5,0,0,0,"Male/ Female","Gunner",3,1,2,"O--","Paralysis",3,"Rec Speed",-1,"PelletSAdd",4,"Spc Attack",1,,
"Steel Vambraces","1650z","Machalite Ore",10,"Iron Ore",10,"Disk Stone",6,,,24,2,-2,0,2,0,"Male/ Female","Blade",3,1,1,"O--","Guard",2,"Map",4,"PsychicVis",1,"Stamina",-2,,
"Ioprey Vambraces","1650z","Iodrome Hide",3,"Ioprey Fang",5,"Ioprey Scale",4,"Iron Ore",2,24,3,-2,-1,2,1,"Male/ Female","Blade",3,1,3,"O--","Faint",-1,"Poison",3,"Rec Speed",-2,"Spc Attack",2,"Fatigue",1
"Ioprey Guards","1650z","Iodrome Hide",3,"Ioprey Fang",5,"Ioprey Scale",4,"Iron Ore",2,12,4,0,0,3,2,"Male/ Female","Gunner",3,1,3,"O--","Faint",-1,"Poison",3,"PelletS Up",4,"Fatigue",1,,
"Kut-Ku Vambraces","1650z","Kut-Ku Scale",3,"Kut-Ku Shell",2,"Kut-Ku Webbing",2,,,24,2,0,-1,-2,-2,"Male/ Female","Blade",3,1,3,"O--","Health",3,"Attack",2,"Defence",-1,"Fire Res",2,"Water Res",-1
"Kut-Ku Guards","1650z","Kut-Ku Scale",3,"Kut-Ku Shell",2,"Kut-Ku Webbing",2,,,12,5,3,0,1,-1,"Male/ Female","Gunner",3,1,3,"O--","Health",3,"Attack",2,"Defence",-1,"Fire Res",2,"Water Res",-1
"Cephalos Vambraces","2350z","Cephalos Fin",1,"Cephalos Scale",3,"Disk Stone",6,"Monster Fluid",1,28,-3,-4,0,2,2,"Male/ Female","Blade",3,1,3,"O--","Hunger",3,"Heat Res",4,"Cold Res",-2,,,,
"Cephalos Guards","2350z","Cephalos Fin",1,"Cephalos Scale",3,"Disk Stone",6,"Monster Fluid",1,16,-1,-2,1,5,3,"Male/ Female","Gunner",3,1,3,"O--","Hunger",3,"Heat Res",4,"Cold Res",-2,,,,
"Conga Vambraces","2350z","Congalala Pelt",2,"Sharp Claw",3,"Brute Bone",4,"Killer Beetle",1,28,-3,2,0,2,-1,"Male/ Female","Blade",3,1,3,"O--","Antiseptic",2,"BombStrUp",2,"Hunger",-2,"Gluttony",3,,
"Conga Guards","2350z","Congalala Pelt",2,"Sharp Claw",3,"Brute Bone",4,"Killer Beetle",1,16,-1,4,1,4,0,"Male/ Female","Gunner",3,1,3,"O--","Antiseptic",2,"NormalS Up",2,"Hunger",-2,"Gluttony",3,,
"Gypceros Vambraces","2850z","Dragonite Ore",2,"Antiseptic Stone",2,"Machalite Ore",2,"Rubbery Hide",3,30,-4,4,0,1,1,"Male/ Female","Blade",3,1,3,"OO-","Poison",3,"Hunger",-1,"ThunderRes",2,"Stamina",1,,
"Gypceros Guards","2850z","Dragonite Ore",2,"Antiseptic Stone",2,"Machalite Ore",2,"Rubbery Hide",3,16,-1,6,0,4,3,"Male/ Female","Gunner",3,1,3,"O--","Poison",3,"Hunger",-2,"ThunderRes",2,"Stamina",2,,
"Khezu Vambraces","3350z","Pale Bone",1,"Flabby Hide",2,"Iron Ore",6,"Thunderbug",1,32,-3,4,0,3,1,"Male/ Female","Blade",3,1,3,"O--","Faint",-1,"Rec Speed",4,"Wide Area",2,"Horn",2,,
"Khezu Guards","3350z","Pale Bone",1,"Flabby Hide",2,"Iron Ore",6,"Thunderbug",1,16,-1,6,0,5,2,"Male/ Female","Gunner",3,1,3,"O--","Faint",-1,"Rec Speed",4,"Wide Area",2,"Shot Mix",2,,
"Hermitaur Vambraces","3350z","Hermitaur Claw",1,"Hermitaur Shell",2,"Machalite Ore",2,"Sharp Claw",4,32,-3,-4,1,3,0,"Male/ Female","Blade",3,1,3,"OO-","Guard",1,"Throw",2,"Defence",2,"ThunderRes",-2,,
"Hermitaur Guards","3350z","Hermitaur Claw",1,"Hermitaur Shell",2,"Machalite Ore",2,"Sharp Claw",4,16,-1,-2,2,5,1,"Male/ Female","Gunner",3,1,3,"O--","Guard Up",2,"Throw",2,"Defence",2,"ThunderRes",-2,,
"Plesioth Vambraces","4150z","Plesioth Fin",1,"Monster Fluid",1,"Piscine Fang",2,"Plesioth Scale",3,34,-4,-4,0,4,2,"Male/ Female","Blade",3,1,3,"O--","Paralysis",-2,"Heat Res",2,"Cold Res",2,"Stamina",3,,
"Plesioth Guards","4150z","Plesioth Fin",1,"Monster Fluid",1,"Piscine Fang",2,"Plesioth Scale",3,17,-2,-2,1,6,3,"Male/ Female","Gunner",3,1,3,"O--","Paralysis",-2,"Heat Res",2,"Cold Res",2,"Stamina",3,,
"Lobster Vambraces","4150z","Sm Lobstershell",1,"Plesioth Fin",1,"Earth Crystal",4,"Iron Ore",3,34,-2,-6,-2,6,2,"Male/ Female","Blade",3,1,3,"O--","Guard",-2,"Water Res",2,"Fishing",2,"Evade",3,,
"Lobster Guards","4150z","Sm Lobstershell",1,"Plesioth Fin",1,"Earth Crystal",4,"Iron Ore",3,17,0,-5,0,6,3,"Male/ Female","Gunner",3,1,3,"OO-","Water Res",1,"Fishing",1,"Evade",3,"Precision",-2,,
"Kut-Ku Vambraces D","1650z","Blue Kut-Ku Scl",3,"Blue Kut-Ku Shl",2,"Bullfango Pelt",2,"Sm Monster Bone",3,22,2,0,-1,-2,-2,"Male/ Female","Blade",3,1,3,"O--","Health",-1,"Rec Speed",-2,"Expert",2,"ElementAtk",2,"Attack",2
"Kut-Ku Guards D","1650z","Blue Kut-Ku Scl",3,"Blue Kut-Ku Shl",2,"Bullfango Pelt",2,"Sm Monster Bone",3,10,5,3,0,1,-1,"Male/ Female","Gunner",3,1,3,"O--","Health",-1,"Rec Speed",-2,"Expert",2,"ElementAtk",2,"Attack",2
"Gypceros Vambraces D","2850z","Pur Rubbery Hide",3,"Antiseptic Stone",2,"Machalite Ore",2,"Hercudrome",2,28,-4,4,0,1,1,"Male/ Female","Blade",3,2,3,"OO-","Faint",3,"Wide Area",2,"WindPress",1,"Fate",-1,,
"Gypceros Guards D","2850z","Pur Rubbery Hide",3,"Antiseptic Stone",2,"Machalite Ore",2,"Hercudrome",2,14,-1,6,0,4,3,"Male/ Female","Gunner",3,2,3,"OO-","Faint",3,"Wide Area",2,"WindPress",1,"Fate",-1,,
"Khezu Vambraces D","3350z","Pale Bone",1,"Alluring Hide",2,"Iron Ore",6,"Thunderbug",1,30,3,4,0,-3,0,"Male/ Female","Blade",3,2,4,"OO-","SwdShrpner",-2,"Wide Area",3,"Recovery",2,,,,
"Khezu Guards D","3350z","Pale Bone",1,"Alluring Hide",2,"Iron Ore",6,"Thunderbug",1,14,5,6,0,-1,1,"Male/ Female","Gunner",3,2,4,"O--","Wide Area",5,"Recovery",2,"MixSucRate",-2,,,,
"Plesioth Vambraces D","4150z","Grn Plesioth Scl",2,"Monster Fluid",1,"Cephalos Scale",3,"Grn Plesioth Fin",1,32,-4,-4,0,4,2,"Male/ Female","Blade",3,2,3,"OO-","Poison",-2,"Hunger",2,"Fishing",1,"Everlastng",2,,
"Plesioth Guards D","4150z","Grn Plesioth Scl",2,"Monster Fluid",1,"Cephalos Scale",3,"Grn Plesioth Fin",1,15,-2,-2,1,6,3,"Male/ Female","Gunner",3,2,3,"OO-","Poison",-2,"Hunger",2,"Fishing",1,"Everlastng",2,,
"Basarios Vambraces","3350z","Basarios Shell",3,"Machalite Ore",5,"Poison Sac",3,"Whetstone",20,32,0,2,-2,2,1,"Male/ Female","Blade",4,2,4,"O--","Sleep",3,"Faint",-1,"Defence",2,"Whim",1,"Terrain",2
"Basarios Guards","3350z","Basarios Shell",3,"Machalite Ore",5,"Poison Sac",3,"Whetstone",20,16,2,4,0,4,2,"Male/ Female","Gunner",4,2,4,"O--","Sleep",3,"Faint",-1,"Defence",2,"Whim",1,"Terrain",2
"Monoblos Vambraces","4900z","Monoblos Spine",2,"Blood Red Horn",1,"Monoblos Shell",3,"Monster Fluid",4,36,2,-2,-1,-1,-1,"Male/ Female","Blade",4,10,"4!","OO-","Health",3,"Attack",1,"Protection",-1,"Potential",2,,
"Monoblos Guards","4900z","Monoblos Spine",2,"Blood Red Horn",1,"Monoblos Shell",3,"Monster Fluid",4,18,4,0,0,2,0,"Male/ Female","Gunner",4,10,"4!","O--","Health",3,"Attack",2,"Protection",-2,"Potential",2,,
"Garuga Vambraces","4900z","Garuga Scale",5,"Garuga Shell",4,"Garuga Wing",2,"Monster Bone+",1,36,2,2,0,0,0,"Male/ Female","Blade",4,10,"4!","O--","Sharpness",3,"Expert",2,"HearProtct",2,"Gathering",-2,,
"Garuga Guards","4900z","Garuga Scale",5,"Garuga Shell",4,"Garuga Tail",1,"Monster Bone+",1,18,3,3,0,2,1,"Male/ Female","Gunner",4,10,"4!","O--","Sharpness",3,"PierceSAdd",3,"HearProtct",2,"Gathering",-2,,
"Blango Vambraces","4900z","Blangonga Pelt",4,"Giaprey Hide",3,"Sharp Claw",2,"Kut-Ku Webbing",1,36,-4,0,1,2,3,"Male/ Female","Blade",4,2,4,"O--","Snow Res",2,"Cold Res",3,"Terrain",-2,"Quake Res",2,,
"Blango Guards","4900z","Blangonga Pelt",4,"Giaprey Hide",3,"Sharp Claw",2,"Kut-Ku Webbing",1,18,-3,1,2,4,5,"Male/ Female","Gunner",4,2,4,"O--","Snow Res",2,"Cold Res",3,"Terrain",-2,"Quake Res",2,,
"Ceanataur Vambraces","5200z","Ceanataur Pincer",1,"Ceanataur Shell",2,"Earth Crystal",4,"Carpenterbug",3,37,1,-1,0,2,-1,"Male/ Female","Blade",4,2,4,"O--","Sharpness",3,"Artisan",1,"SwdShrpner",2,"Defence",-3,,
"Ceanataur Guards","5200z","Ceanataur Pincer",1,"Ceanataur Shell",2,"Earth Crystal",4,"Carpenterbug",3,18,2,0,2,4,0,"Male/ Female","Gunner",4,2,4,"OO-","PierceS Up",2,"PierceSAdd",1,"Defence",-2,"Precision",2,,
"Rathian Vambraces","5350z","Monster Bone+",1,"Rathian Shell",2,"Rathian Scale",2,"Machalite Ore",2,38,2,-2,-4,0,0,"Male/ Female","Blade",4,1,6,"O--","Faint",-1,"Poison",2,"Health",3,"PsychicVis",3,,
"Rathian Guards","5350z","Monster Bone+",1,"Rathian Shell",2,"Rathian Scale",2,"Machalite Ore",2,18,4,0,-2,2,2,"Male/ Female","Gunner",4,1,6,"OO-","Faint",-1,"Poison",2,"Health",3,"PsychicVis",1,,
"Tigrex Vambraces","5800z","Tigrex Scale",2,"Tigrex Fang",2,"Tigrex Claw",3,"Machalite Ore",5,40,3,-2,-1,2,3,"Male/ Female","Blade",4,3,5,"OO-","Protection",-1,"HearProtct",1,"PsychicVis",3,"Cooking",2,,
"Tigrex Guards","5800z","Tigrex Scale",2,"Tigrex Fang",2,"Tigrex Claw",3,"Machalite Ore",5,20,4,-1,0,3,4,"Male/ Female","Gunner",4,3,5,"O--","Protection",-2,"HearProtct",2,"PsychicVis",3,"Cooking",2,,
"Rathalos Vambraces","5800z","Rathalos Webbing",2,"Rathalos Scale",3,"Machalite Ore",1,"Fire Stone",1,40,2,2,-4,-1,-3,"Male/ Female","Blade",4,1,6,"O--","Paralysis",-2,"Rec Speed",1,"Attack",4,"PsychicVis",2,,
"Rathalos Guards","5800z","Rathalos Tail",2,"Rathalos Scale",3,"Machalite Ore",1,"Fire Stone",1,20,4,5,-2,0,-1,"Male/ Female","Gunner",4,1,6,"O--","Paralysis",-2,"Rec Speed",1,"Attack",4,"PsychicVis",2,,
"Diablo Vambraces","5800z","Diablos Shell",3,"Blos Fang",2,"Monster Bone+",1,,,40,3,1,0,-1,-2,"Male/ Female","Blade",4,3,5,"O--","Health",-2,"Expert",3,"WindPress",2,"Fate",-2,,
"Diablo Guards","5800z","Diablos Shell",3,"Blos Fang",2,"Monster Bone+",1,,,20,5,4,0,2,-1,"Male/ Female","Gunner",4,3,5,"O--","Health",-2,"Expert",3,"WindPress",2,"Fate",-2,,
"Gravios Vambraces","5800z","Gravios Shell",6,"Flame Sac",4,"Lg Monster Bone",5,"Dragonite Ore",3,40,2,2,-2,-2,0,"Male/ Female","Blade",4,3,5,"O--","Sleep",3,"Guard",2,"Defence",2,"Stamina",-2,,
"Gravios Guards","5800z","Gravios Shell",6,"Flame Sac",4,"Lg Monster Bone",5,"Dragonite Ore",3,20,4,3,0,1,1,"Male/ Female","Gunner",4,3,5,"O--","Sleep",3,"ClustS Add",4,"Stamina",-2,,,,
"Diablo Vambraces D","5800z","Black Blos Shell",3,"Blos Fang",2,"Monster Bone+",1,,,38,3,1,0,-1,-2,"Male/ Female","Blade",4,3,5,"OO-","Sharpness",2,"Defence",-1,"WindPress",3,"Fate",-1,,
"Diablo Guards D","5800z","Black Blos Shell",3,"Blos Fang",2,"Monster Bone+",1,,,18,5,4,0,2,-1,"Male/ Female","Gunner",4,3,5,"OO-","Load",2,"Hunger",-1,"WindPress",3,"Fate",-1,,
"Gravios Vambraces D","5800z","Blk Gravios Shl",6,"Sleep Sac",4,"Lg Monster Bone",5,"Dragonite Ore",3,38,2,2,0,-2,1,"Male/ Female","Blade",4,3,5,"OO-","Guard Up",2,"Hunger",-2,"Defence",3,,,,
"Gravios Guards D","5800z","Blk Gravios Shl",6,"Sleep Sac",4,"Lg Monster Bone",5,"Dragonite Ore",3,18,4,3,0,1,2,"Male/ Female","Gunner",4,3,5,"OO-","Guard Up",2,"Hunger",-2,"Defence",3,,,,
"Mosswine Gloves","100z","Mosswine Hide",2,"Bullfango Pelt",1,"Carpenterbug",2,,,3,0,0,0,0,0,"Male/ Female","Blade/ Gunner",5,1,2,"O--","Health",2,"Hunger",-3,"Gluttony",2,"Cooking",2,,
"Giaprey Gloves","700z","Giadrome Claw",2,"Sharp Claw",3,"Giaprey Scale",3,"Kut-Ku Coin",1,16,0,2,-2,2,3,"Male/ Female","Blade/ Gunner",5,1,3,"OO-","Fire Res",-2,"Ice Res",2,"Fate",3,,,,
"Velociprey Gloves","900z","Velocidrome Claw",2,"Sharp Claw",3,"Velociprey Scale",3,"Congalala Coin",1,18,1,1,1,1,1,"Male/ Female","Blade/ Gunner",5,1,3,"OO-","Water Res",2,"ThunderRes",-2,"Fate",3,,,,
"Genprey Gloves","1150z","Genprey Fang",4,"Sharp Claw",3,"Genprey Scale",3,"Khezu Coin",1,20,1,2,1,1,1,"Male/ Female","Blade/ Gunner",5,1,3,"OO-","Ice Res",-2,"ThunderRes",2,"Fate",3,,,,
"Black Belt Vambraces","3300z","Kut-Ku Coin",15,"Blackbelt Ticket",10,"Killer Beetle",2,"Plesioth Coin",12,20,2,2,2,2,2,"Male/ Female","Blade/ Gunner",5,1,3,"---","Torso Inc",,,,,,,,,
"Shinobi Kote (Sun)","9800z","Gaoren Spine",1,"Blackbelt Ticket",3,"Pokke Ticket",1,"Rathian Scale",5,20,2,4,2,-6,-3,"Male/ Female","Blade/ Gunner",5,3,6,"OO-","Throw",2,"ElementAtk",2,"Cold Res",-2,"Evade",1,,
"Shinobi Kote (Moon)","9800z","Gaoren Spine",1,"Blackbelt Ticket",3,"Pokke Ticket",1,"Rathian Scale",5,20,2,4,2,-6,-3,"Male/ Female","Blade/ Gunner",5,3,6,"O--","Sneak",2,"Hunger",4,"Heat Res",-2,"PsychicVis",1,,
"Guild Knight Gloves","9800z","Commendation",1,"Springnight Carp",4,"FlynMealPassReg",1,"Khezu Coin",3,20,0,0,0,0,0,"Male","Blade/ Gunner",5,3,4,"O--","Whim",3,"Fate",2,"PsychicVis",2,"BBQ",-2,,
"Guild Knight Sleeves","9800z","Commendation",1,"Springnight Carp",4,"FlynMealPassReg",1,"Daimyo Coin",3,20,0,0,0,0,0,"Male","Blade/ Gunner",5,3,4,"O--","PelletS Up",2,"Fate",-2,"Precision",2,"Carving",3,,
"Guardian Vambraces","9800z","Lightcrystal",2,"Springnight Carp",4,"Blackbelt Ticket",2,"Cephalos Coin",3,20,0,0,0,0,0,"Male","Blade/ Gunner",5,1,3,"O--","Protection",2,"Gathering",-2,"Fate",2,"Gunnery",3,,
"Guardian Guards","9800z","Lightcrystal",2,"Springnight Carp",4,"Blackbelt Ticket",2,"Plesioth Coin",3,20,0,0,0,0,0,"Male","Blade/ Gunner",5,1,3,"OO-","Protection",2,"Wide Area",3,"Gathering",-1,"Fate",1,,
"Maiden's Sleeves","9800z","Commendation",1,"Springnight Carp",4,"FlynMealPassReg",1,"Khezu Coin",3,20,0,0,0,0,0,"Female","Blade/ Gunner",5,3,4,"O--","Whim",3,"Fate",2,"PsychicVis",2,"BBQ",-2,,
"Personal Sleeves","9800z","Commendation",1,"Springnight Carp",4,"FlynMealPassReg",1,"Daimyo Coin",3,20,0,0,0,0,0,"Female","Blade/ Gunner",5,3,4,"O--","PelletS Up",2,"Fate",-2,"Precision",2,"Carving",3,,
"Helper Sleeves","9800z","Lightcrystal",2,"Springnight Carp",4,"Blackbelt Ticket",2,"Cephalos Coin",3,20,0,0,0,0,0,"Female","Blade/ Gunner",5,1,3,"O--","Protection",2,"Gathering",-2,"Fate",2,"Gunnery",3,,
"Healer Sleeves","9800z","Lightcrystal",2,"Springnight Carp",4,"Blackbelt Ticket",2,"Plesioth Coin",3,20,0,0,0,0,0,"Female","Blade/ Gunner",5,1,3,"OO-","Protection",2,"Wide Area",3,"Gathering",-1,"Fate",1,,
"Ioprey Gloves","1350z","Ioprey Fang",4,"Sharp Claw",3,"Ioprey Scale",3,"Daimyo Coin",1,22,2,1,1,1,1,"Male/ Female","Blade/ Gunner",5,1,3,"OO-","Fire Res",2,"Water Res",-2,"Fate",3,,,,
"Remobra Hands","1650z","Striped Skin",5,"FireWyvern Fluid",2,"Hercudrome",1,"Dragonite Ore",2,24,0,-1,-1,-1,-1,"Male/ Female","Blade/ Gunner",5,1,3,"---","Poison",2,"Artisan",2,"PierceS Up",2,"All Resist",-2,"Stamina",3
"Melahoa Branch","1150z","Dosbiscus",2,"Carpenterbug",3,"Sap Plant",4,"Nutrients",3,20,0,1,0,1,0,"Male/ Female","Blade",5,1,1,"O--","Hunger",-1,"Gathering",3,"HiSpdGathr",2,"Recovery",2,"Stamina",1
"Melahoa Petal","1150z","Dosbiscus",2,"Carpenterbug",3,"Sap Plant",4,"Nutrients",3,10,0,1,0,2,0,"Male/ Female","Gunner",5,1,1,"O--","Hunger",-1,"Gathering",3,"HiSpdGathr",2,"Recovery",2,"Stamina",1
"Makluva Sleeves","2350z","Springnight Carp",2,"Cephalos Scale",3,"Bomb Arrowana",5,"Book of Combos 1",1,28,0,-2,0,2,0,"Male/ Female","Blade",5,1,2,"O--","Spc Attack",2,"Fishing",2,"MixSucRate",3,"Alchemy",2,,
"Makluva Sucker","2350z","Springnight Carp",2,"Cephalos Scale",3,"Bomb Arrowana",5,"Book of Combos 1",1,16,0,-1,0,3,0,"Male/ Female","Gunner",5,1,2,"O--","Spc Attack",2,"Fishing",2,"MixSucRate",3,"Alchemy",2,,
"Hypnoc Vambraces","3350z","Hypnoc Ticket",1,"Hypnoc Feather+",3,"Hypnoc StrngClaw",2,"Ice Crystal",5,32,-2,0,1,2,1,"Male/ Female","Blade",5,"7!",10,"O--","Sleep",2,"Sneak",-2,"Trapper",3,"Observance",2,,
"Hypnoc Guards","3350z","Hypnoc Ticket",1,"Hypnoc Feather+",3,"Hypnoc StrngClaw",2,"Ice Crystal",5,16,0,2,2,4,3,"Male/ Female","Gunner",5,"7!",10,"O--","Sneak",-2,"SleepCtAdd",2,"Trapper",3,"Observance",2,,
"Obituary Mano","3350z","Great Hornfly",1,"Hercudrome",1,"Electro Sac",1,"Paralysis Sac",2,32,3,3,2,-5,-4,"Male","Blade",5,1,3,"O--","Spc Attack",2,"Cold Res",-1,"Gathering",4,"Evade",2,,
"Obituary Brasso","3350z","Great Hornfly",1,"Hercudrome",1,"Electro Sac",1,"Paralysis Sac",2,16,4,5,2,-4,-3,"Male","Gunner",5,1,3,"O--","Spc Attack",2,"Cold Res",-2,"Gathering",3,"Evade",2,,
"Butterfly Mano","3350z","Great Hornfly",1,"Hercudrome",1,"Electro Sac",1,"Paralysis Sac",2,32,3,3,2,-5,-4,"Female","Blade",5,1,3,"O--","Spc Attack",2,"Cold Res",-1,"Gathering",4,"Evade",2,,
"Butterfly Brasso","3350z","Great Hornfly",1,"Hercudrome",1,"Electro Sac",1,"Paralysis Sac",2,16,4,5,2,-4,-3,"Female","Gunner",5,1,3,"O--","Spc Attack",2,"Cold Res",-2,"Gathering",3,"Evade",2,,
"Black Claw","11111z","Dark Stone",1,"Dark Piece",1,"Ancient Potion",1,"Fire Stone",1,36,0,2,-5,2,2,"Male/ Female","Blade",5,10,"5!","OO-",,,,,,,,,,
"Black Fist","11111z","Dark Stone",1,"Dark Piece",1,"Ancient Potion",1,"Fire Stone",1,18,2,4,-2,4,3,"Male/ Female","Gunner",5,10,"5!","OO-",,,,,,,,,,
"Death Stench Grip","5800z","Sinister Cloth",2,"Striped Skin",2,"Tigrex Fang",3,"Elder Drgn Bone",1,40,2,1,0,1,-1,"Male/ Female","Blade",5,3,5,"O--","Sneak",2,"Health",-5,"Fencing",2,,,,
"Death Stench Grasp","5800z","Sinister Cloth",2,"Striped Skin",2,"Tigrex Fang",3,"Elder Drgn Bone",1,20,3,2,1,2,0,"Male/ Female","Gunner",5,3,5,"O--","Health",-5,"CragS Add",2,"Speed Fire",2,,,,
"Volganos Vambraces","5800z","Lava Ticket",1,"Volganos Thk Scl",3,"Volganos Fin+",1,"Striped Skin",2,40,4,0,1,-3,0,"Male/ Female","Blade",5,"7!",10,"O--","Faint",-2,"Rec Speed",2,"Guard",2,"Terrain",3,,
"Volganos Guards","5800z","Lava Ticket",1,"Volganos Thk Scl",3,"Volganos Fin+",1,"Striped Skin",2,20,5,2,2,-1,2,"Male/ Female","Gunner",5,"7!",10,"O--","Faint",-2,"Rec Speed",2,"Recoil",2,"Terrain",3,,
"Mizuha Sleeves","9000z","Chameleos Claw",1,"Chameleos Hide",3,"Elder Drgn Bone",3,"Black Pearl",5,40,-4,0,-1,3,4,"Male/ Female","Blade",5,3,5,"O--","HearProtct",2,"WindPress",4,"Terrain",-3,,,,
"Extravagant Sleeves","9000z","Chameleos Claw",1,"Chameleos Hide",3,"Elder Drgn Bone",3,"Black Pearl",5,20,-3,2,0,4,5,"Male/ Female","Gunner",5,3,5,"O--","HearProtct",2,"WindPress",4,"Terrain",-3,,,,
"Kushala Grip","9300z","Daora Shell",3,"Daora Claw",1,"DaoraDragonScale",3,"Elder Drgn Bone",3,42,0,-2,-3,2,4,"Male/ Female","Blade",5,3,4,"O--","Poison",-3,"Terrain",4,"Fast Chrge",2,,,,
"Kushala Embrace","9300z","Daora Shell",3,"Daora Claw",1,"DaoraDragonScale",3,"Elder Drgn Bone",3,21,2,-2,-2,3,5,"Male/ Female","Gunner",5,3,4,"O--","Poison",-3,"Terrain",4,"Fast Chrge",2,,,,
"Kirin Longarms","9800z","Kirin Hide",1,"Flabby Hide",2,"Rubbery Hide",3,"Thunderbug",2,44,0,4,-1,2,0,"Male/ Female","Blade",5,3,5,"O--","ElementAtk",2,"All Resist",3,"PsychicVis",2,"Everlastng",-2,,
"Kirin Gloves","9800z","Kirin Hide",1,"Flabby Hide",2,"Rubbery Hide",3,"Thunderbug",2,22,1,6,0,4,1,"Male/ Female","Gunner",5,3,5,"O--","ElementAtk",2,"All Resist",3,"PsychicVis",2,"Everlastng",-2,,
"GuardianSprtVambrces","9800z","Dragonwood",1,"Dragonmoss",2,"Fire Stone",2,"Pokke Ticket",1,44,2,0,-2,2,-2,"Male/ Female","Blade",5,3,4,"O--","Fencing",2,"Protection",1,"All Resist",4,"Potential",-2,,
"Carnage Vambraces","9800z","Dragonwood",1,"Dragonmoss",2,"Fire Stone",2,"Pokke Ticket",1,22,3,2,-1,4,-1,"Male/ Female","Gunner",5,3,4,"O--","Protection",1,"All Resist",4,"Potential",-2,"Loading",2,,
"Auroros Gauntlets","9800z","Lao-Shan's Scale",5,"Elder Drgn Bone",2,"Rathalos Wing",1,"Commendation",1,44,-2,0,-4,2,2,"Male","Blade",5,2,6,"OO-","Rec Speed",2,"Guard",3,"PsychicVis",1,"Stamina",-1,,
"Genesis Gauntlets","9800z","Lao-Shan's Scale",5,"Elder Drgn Bone",2,"Rathalos Wing",1,"Commendation",1,22,1,2,-2,3,3,"Male","Gunner",5,2,6,"O--","Rec Speed",2,"Load",3,"NormalSAdd",3,"Hunger",-1,,
"Borealis Gauntlets","9800z","Lao-Shan's Scale",5,"Elder Drgn Bone",2,"Rathalos Wing",1,"Commendation",1,44,-2,0,-4,2,2,"Female","Blade",5,2,6,"OO-","Rec Speed",2,"Guard",3,"PsychicVis",1,"Stamina",-1,,
"Glyph Gauntlets","9800z","Lao-Shan's Scale",5,"Elder Drgn Bone",2,"Rathalos Wing",1,"Commendation",1,22,1,2,-2,3,3,"Female","Gunner",5,2,6,"O--","Rec Speed",2,"Load",3,"NormalSAdd",3,"Hunger",-1,,
"Empress Vambraces","11625z","Lunastra Shell",3,"Fire Drgn Wbng",1,"Lunastra Mane",1,"Fire Stone",2,46,5,0,-2,-1,0,"Male/ Female","Blade",5,10,5,"O--","Expert",2,"Guard",3,"Anti-Theft",2,"Cold Res",-2,,
"Empress Guards","11625z","Lunastra Shell",3,"Fire Drgn Wbng",1,"Lunastra Mane",1,"Fire Stone",2,23,6,2,-1,1,0,"Male/ Female","Gunner",5,10,5,"O--","Expert",3,"Guard Up",2,"Anti-Theft",2,"Cold Res",-2,,
"Indra Gloves","13500z","Gaoren Shell",2,"Gaoren Pincer",2,"DaoraDragonScale",2,"Dragonite Ore",3,48,-2,2,-2,3,2,"Male/ Female","Blade",5,3,6,"O--","Guard",3,"Fate",2,"Cooking",-2,"Quake Res",2,,
"Steadfast Guards","13500z","Gaoren Shell",2,"Gaoren Pincer",2,"DaoraDragonScale",2,"Dragonite Ore",3,24,0,3,-1,5,3,"Male/ Female","Gunner",5,3,6,"O--","Load",-1,"Recoil",2,"Fate",2,"Cooking",-2,"Quake Res",2
"Kaiser Vambraces","13500z","Teostra Shell",3,"Fire Dragon Claw",2,"Fire Stone",2,"ElderDragonBlood",1,48,5,0,-2,-1,0,"Male/ Female","Blade",5,3,6,"O--","Expert",3,"Cold Res",-3,"Fatigue",3,,,,
"Kaiser Guards","13500z","Teostra Shell",3,"Fire Dragon Claw",2,"Fire Stone",2,"ElderDragonBlood",1,24,6,2,-1,1,0,"Male/ Female","Gunner",5,3,6,"O--","Expert",3,"Cold Res",-3,"Fatigue",3,,,,
"Red Lobster Braces","4150z","King Lobster Shl",1,"Sm Lobstershell",1,"Famitsu Ticket",1,,,32,3,-2,0,0,1,"Male/ Female","Blade",5,6,5,"OO-","Sneak",-2,"Fishing",2,"Evade",1,"BBQ",2,,
"Red Lobster Guards","4150z","King Lobster Shl",1,"Sm Lobstershell",1,"Famitsu Ticket",1,,,15,3,0,1,0,1,"Male/ Female","Gunner",5,6,5,"OO-","Sneak",-2,"Fishing",2,"Evade",1,"BBQ",2,,
"Monodevil Vambraces","5900z","Wht Monoblos Hrn",1,"Wht Monoblos Spn",2,"Wht Monoblos Shl",4,"Monster Bone+",3,34,2,-2,-1,-1,-1,"Male/ Female","Blade",5,10,"4!","OO-","Artisan",1,"Expert",1,"Protection",-2,"Potential",3,,
"Monodevil Guards","5900z","Wht Monoblos Hrn",1,"Wht Monoblos Spn",2,"Wht Monoblos Shl",4,"Monster Bone+",3,16,4,0,0,2,0,"Male/ Female","Gunner",5,10,"4!","OO-","Expert",1,"Protection",-1,"Potential",4,"Loading",1,,
"Rathian Heart Braces","6400z","Pnk Rathian Shl",2,"Pnk Rathian Scl",4,"FireWyvern Fluid",4,"Killer Beetle",4,36,2,-2,-4,0,0,"Male/ Female","Blade",5,3,6,"OO-","Antiseptic",1,"Sneak",-1,"Whim",3,"Recovery",2,,
"Rathian Heart Guards","6400z","Pnk Rathian Shl",2,"Pnk Rathian Scl",4,"FireWyvern Fluid",4,"Killer Beetle",4,16,4,0,-2,2,2,"Male/ Female","Gunner",5,3,6,"OO-","Antiseptic",1,"Sneak",-1,"Whim",3,"Recovery",2,,
"Rathalos Soul Braces","6900z","Azre Rathlos Shl",2,"Azr Rathlos Scl",3,"FireWyvrn Marrow",1,"Machalite Ore",5,38,2,2,-4,-1,0,"Male/ Female","Blade",5,3,6,"O--","Expert",1,"Attack",3,"Protection",-2,"HearProtct",3,,
"Rathalos Soul Guards","6900z","Azr Rathlos Tail",2,"Azr Rathlos Scl",3,"FireWyvrn Marrow",1,"Machalite Ore",5,18,4,5,-2,2,1,"Male/ Female","Gunner",5,3,6,"OO-","Expert",1,"Attack",3,"Protection",-1,"HearProtct",2,,
"Mafumofu Mittens S","1150z","High Quality Pelt",2,"Blango Pelt+",1,"Rainbow Insect",1,,,20,0,0,0,0,3,"Male/ Female","Blade/ Gunner",6,4,7,"O--","Protection",2,"Heat Res",-2,"Cold Res",5,,,,
"Leather Vambraces S","1350z","Carbalite Ore",1,"Machalite Ore",10,"Kelbi Hide",2,"Stout Bone",1,22,2,0,0,0,0,"Male/ Female","Blade/ Gunner",6,4,7,"---","HiSpdGathr",10,"Cooking",-1,,,,,,
"Chain Vambraces S","1650z","Carbalite Ore",2,"Machalite Ore",10,"High Quality Pelt",2,,,24,2,-2,0,2,1,"Male/ Female","Blade/ Gunner",6,4,7,"O--","Paralysis",-1,"Health",4,"Map",2,"Whim",2,,
"Hunter Vambraces S","5350z","Carbalite Ore",3,"Machalite Ore",8,"Brute Bone",3,"Bulldrome Hide+",2,38,0,-4,0,0,0,"Male/ Female","Blade",6,4,7,"O--","Faint",-2,"Rec Speed",2,"Attack",2,"PsychicVis",3,,
"Hunter Guards S","5350z","Carbalite Ore",3,"Machalite Ore",8,"Brute Bone",3,"Bulldrome Hide+",2,26,2,-2,0,2,2,"Male/ Female","Gunner",6,4,7,"O--","Faint",-2,"Rec Speed",2,"Attack",2,"PsychicVis",3,,
"Bone Vambraces S","7200z","Inferno Sac",1,"Bulldrome Hide+",2,"King Scarab",4,"Monster Bone+",2,44,2,-2,-2,2,-2,"Male/ Female","Blade",6,4,7,"O--","Anti-Theft",2,"Map",-2,"Cooking",2,"Horn",3,,
"Bone Guards S","7200z","Inferno Sac",1,"Bulldrome Hide+",2,"King Scarab",4,"Monster Bone+",2,26,5,0,0,5,-1,"Male/ Female","Gunner",6,4,7,"O--","Anti-Theft",2,"Map",-2,"Fishing",3,"Cooking",2,,
"Battle Vambraces S","7500z","Bulldrome Hide+",3,"Rathian Scale",3,"Rathalos Scale",3,"Monster Bone+",2,46,2,-2,0,-2,-1,"Male/ Female","Blade",6,4,7,"O--","SwdShrpner",2,"Guard",2,"Attack",3,"Stamina",-2,,
"Battle Guards S","7500z","Bulldrome Hide+",3,"Rathian Scale",3,"Rathalos Scale",3,"Monster Bone+",2,26,4,0,2,0,0,"Male/ Female","Gunner",6,4,7,"O--","Load",2,"ClustS Add",2,"Hunger",-2,"Attack",3,,
"Velociprey Braces S","7800z","Velociprey Scl+",3,"Velociprey Hide+",5,"King Scarab",1,"Velocidrome Clw+",2,50,1,1,-1,1,0,"Male/ Female","Blade",6,4,7,"OO-","Paralysis",-2,"Faint",3,"SwdShrpner",2,,,,
"Velociprey Guards S","7800z","Velociprey Scl+",3,"Velociprey Hide+",5,"King Scarab",1,"Velocidrome Clw+",2,26,3,3,0,3,1,"Male/ Female","Gunner",6,4,7,"OO-","Paralysis",-2,"Faint",3,"PelletS Up",2,,,,
"Vespoid Vambraces S","7800z","Vespoid InnrWng",1,"Vespoid Carapace",4,"Vespoid Wing",3,"Monster Broth",1,50,-6,2,2,-5,-4,"Male/ Female","Blade",6,4,7,"OO-","Paralysis",3,"Poison",-2,"Everlastng",2,,,,
"Vespoid Guards S","7800z","Vespoid InnrWng",1,"Vespoid Carapace",4,"Vespoid Abdomen",1,"Monster Broth",1,26,-5,5,2,-4,-3,"Male/ Female","Gunner",6,4,7,"OO-","Paralysis",3,"Poison",-2,"Everlastng",2,,,,
"Hi-Metal Vambraces S","7800z","Carbalite Ore",5,"Lightcrystal",1,"Dragonite Ore",10,"Electro Sac",4,50,-2,3,0,-2,-1,"Male/ Female","Blade",6,4,7,"OO-","Defence",2,"All Resist",-2,"Gunnery",3,,,,
"Hi-Metal Guards S","7800z","Carbalite Ore",5,"Lightcrystal",1,"Dragonite Ore",10,"Electro Sac",4,26,0,5,0,0,0,"Male/ Female","Gunner",6,4,7,"OO-","Defence",2,"All Resist",-2,"Gunnery",3,,,,
"Steel Vambraces S","8950z","Nova Crystal",1,"Lightcrystal",2,"Dragonite Ore",10,"Machalite Ore",10,52,2,-2,0,2,0,"Male/ Female","Blade",6,4,7,"O--","Guard",2,"Map",5,"Stamina",-2,,,,
"Hornet Vambraces S","8800z","HornetaurInnrWng",1,"Hornetaur Carpce",4,"Hornetaur Wing",6,"Monster Broth",1,52,-6,-5,2,-1,-5,"Male/ Female","Blade",6,4,7,"O--","Poison",-3,"Sharpness",2,"SwdShrpner",1,"Dragon Res",3,,
"Hornet Guards S","8800z","HornetaurInnrWng",1,"Hornetaur Carpce",4,"Hornetaur Wing",6,"Monster Broth",1,26,-5,-3,3,2,-4,"Male/ Female","Gunner",6,4,7,"OO-","Poison",-2,"PierceS Up",2,"Dragon Res",3,,,,
"Genprey Vambraces S","8800z","Genprey Scale+",4,"Genprey Hide+",6,"Carbalite Ore",5,"Gendrome Hide",3,52,2,3,-1,-2,-2,"Male/ Female","Blade",6,4,7,"OO-","Paralysis",3,"Poison",-2,"Spc Attack",2,,,,
"Genprey Guards S","8800z","Genprey Scale+",4,"Genprey Hide+",6,"Carbalite Ore",5,"Gendrome Hide",3,26,4,5,0,0,0,"Male/ Female","Gunner",6,4,7,"OO-","Paralysis",3,"Poison",-2,"Spc Attack",2,,,,
"Ioprey Vambraces S","8950z","Ioprey Scale+",4,"Ioprey Hide+",6,"Fire Stone",1,"Iodrome Hide",3,52,3,-2,-1,2,1,"Male/ Female","Blade",6,4,7,"OO-","Faint",-2,"Poison",3,"Defence",2,,,,
"Ioprey Guards S","8950z","Ioprey Scale+",4,"Ioprey Hide+",6,"Fire Stone",1,"Iodrome Hide",3,28,4,0,0,3,2,"Male/ Female","Gunner",6,4,7,"OO-","Faint",-2,"Poison",3,"NormalS Up",2,,,,
"Kut-Ku Vambraces S","8950z","Kut-Ku Scale+",3,"Kut-Ku Carapace",2,"Kut-Ku Webbing",2,,,52,2,0,-1,-2,-2,"Male/ Female","Blade",6,4,7,"OO-","Attack",3,"Defence",-2,"Fire Res",2,,,,
"Kut-Ku Guards S","8950z","Kut-Ku Scale+",3,"Kut-Ku Carapace",2,"Kut-Ku Webbing",2,,,28,5,3,0,1,-1,"Male/ Female","Gunner",6,4,7,"OO-","Attack",3,"Defence",-2,"Fire Res",2,,,,
"Cephalos Vambraces S","9000z","Cephalos Scale+",5,"Cephalos Fin+",2,"Machalite Ore",15,"Iron Ore",20,54,-3,-4,0,2,2,"Male/ Female","Blade",6,4,7,"OO-","Heat Res",3,"Cold Res",-1,"PsychicVis",3,,,,
"Cephalos Guards S","9000z","Cephalos Scale+",5,"Cephalos Fin+",2,"Machalite Ore",15,"Iron Ore",20,28,-1,-2,1,5,3,"Male/ Female","Gunner",6,4,7,"OO-","Heat Res",3,"Cold Res",-1,"PsychicVis",3,,,,
"Conga Vambraces S","9000z","Congalala Pelt+",2,"Sharp Claw",6,"Conga Pelt+",4,"Hercudrome",2,54,-3,2,0,2,-1,"Male/ Female","Blade",6,4,7,"O--","Antiseptic",2,"Sneak",-2,"ElementAtk",2,"Gluttony",3,,
"Conga Guards S","9000z","Congalala Pelt+",2,"Sharp Claw",6,"Conga Pelt+",4,"Hercudrome",2,28,-1,4,1,4,0,"Male/ Female","Gunner",6,4,7,"O--","Antiseptic",2,"Sneak",-2,"NormalS Up",2,"Gluttony",3,,
"Gypceros Vambraces S","9000z","Rubbery Hide+",4,"Monster Broth",2,"Antiseptic Stone",8,"Genprey Scale+",2,54,-4,4,0,1,1,"Male/ Female","Blade",6,5,7,"OO-","Poison",3,"Hunger",-2,"Stamina",2,,,,
"Gypceros Guards S","9000z","Rubbery Hide+",4,"Monster Broth",2,"Antiseptic Stone",8,"Genprey Scale+",2,28,-1,6,0,4,3,"Male/ Female","Gunner",6,5,7,"OO-","Poison",3,"Hunger",-2,"Stamina",2,,,,
"Khezu Vambraces S","9100z","Khezu Hide - Tan",2,"Carbalite Ore",2,"Thunderbug Juice",2,"Monster Bone+",2,56,-3,4,0,3,1,"Male/ Female","Blade",6,5,7,"O--","Faint",-2,"Rec Speed",5,"Wide Area",2,,,,
"Khezu Guards S","9100z","Khezu Hide - Tan",2,"Carbalite Ore",2,"Thunderbug Juice",2,"Monster Bone+",2,28,-1,6,0,5,2,"Male/ Female","Gunner",6,5,7,"O--","Faint",-2,"Rec Speed",5,"Wide Area",2,,,,
"Hermitaur Braces S","9100z","Hermitaur Claw+",2,"Hermitaur Carpce",2,"Carbalite Ore",2,"Sharp Claw",4,56,-3,-4,1,3,0,"Male/ Female","Blade",6,4,7,"OO-","Guard",2,"Throw",2,"Defence",2,"Stamina",-1,,
"Hermitaur Guards S","9100z","Hermitaur Claw+",2,"Hermitaur Carpce",2,"Carbalite Ore",2,"Sharp Claw",4,28,-1,-2,2,5,1,"Male/ Female","Gunner",6,4,7,"OO-","Load",2,"CragS Add",2,"Defence",2,"All Resist",-1,,
"Hypnoc Vambraces S","9100z","Hypnoc Feather",4,"Hypnoc Claw+",3,"Sleep Sac",2,"Velociprey Scl+",4,56,-2,0,1,2,1,"Male/ Female","Blade",6,7,7,"O--","Sleep",5,"Hunger",-2,"Stamina",2,,,,
"Hypnoc Guards S","9100z","Hypnoc Feather",4,"Hypnoc Claw+",3,"Sleep Sac",2,"Velociprey Scl+",4,28,0,2,2,4,3,"Male/ Female","Gunner",6,7,7,"O--","Sleep",5,"Hunger",-2,"Stamina",2,,,,
"Basarios Vambraces S","9100z","Basarios Carpace",3,"Dragonite Ore",5,"Toxin Sac",3,"Union Ore",6,56,0,2,-2,2,1,"Male/ Female","Blade",6,5,7,"OO-","Sleep",1,"Poison",2,"Defence",2,"Dragon Res",-2,,
"Basarios Guards S","9100z","Basarios Carpace",3,"Dragonite Ore",5,"Toxin Sac",3,"Union Ore",6,28,2,4,0,4,2,"Male/ Female","Gunner",6,5,7,"OO-","Sleep",1,"Poison",2,"Defence",2,"Dragon Res",-2,,
"Plesioth Vambraces S","9500z","Plesioth Scale+",1,"Plesioth Fin+",3,"Monster Broth",1,"Cephalos Scale+",3,58,-4,-4,0,4,2,"Male/ Female","Blade",6,5,8,"O--","Hunger",-2,"Heat Res",2,"Cold Res",2,"Stamina",3,,
"Plesioth Guards S","9500z","Plesioth Scale+",1,"Plesioth Fin+",3,"Monster Broth",1,"Cephalos Scale+",3,30,-2,-2,1,6,3,"Male/ Female","Gunner",6,5,8,"O--","Hunger",-2,"Heat Res",2,"Cold Res",2,"Stamina",3,,
"Monoblos Vambraces S","9900z","Monoblos Thrcic",2,"Blood Red Horn",2,"Monoblos Carpce",4,"Hrd Monster Bone",3,60,2,-2,-1,-1,-1,"Male/ Female","Blade",6,10,"8!","OO-","Attack",3,"Protection",-2,"Potential",2,,,,
"Monoblos Guards S","9900z","Monoblos Thrcic",2,"Blood Red Horn",2,"Monoblos Carpce",4,"Hrd Monster Bone",3,30,4,0,0,2,0,"Male/ Female","Gunner",6,10,"8!","OO-","Attack",3,"Protection",-2,"Potential",2,,,,
"Garuga Vambraces S","9900z","Garuga Scale+",5,"Garuga Carapace",3,"Garuga Tail",1,"Hrd Monster Bone",2,60,2,2,0,0,0,"Male/ Female","Blade",6,8,8,"OO-","Poison",3,"HearProtct",2,"Gathering",-2,,,,
"Garuga Guards S","9900z","Garuga Scale+",5,"Garuga Carapace",3,"Garuga Tail",1,"Hrd Monster Bone",2,30,3,3,0,2,1,"Male/ Female","Gunner",6,8,8,"OO-","HearProtct",2,"Gathering",-2,"PoisnCtAdd",3,,,,
"Blango Vambraces S","9900z","Blangonga Pelt+",2,"Blangonga Tail",2,"Giadrome Hide",2,"Stout Bone",2,60,-4,0,1,2,3,"Male/ Female","Blade",6,5,8,"OO-","Snow Res",2,"Attack",2,"Heat Res",-1,"Cold Res",2,,
"Blango Guards S","9900z","Blangonga Pelt+",2,"Blangonga Tail",2,"Giadrome Hide",2,"Stout Bone",2,30,-3,1,2,4,5,"Male/ Female","Gunner",6,5,8,"O--","Snow Res",2,"Attack",4,"Heat Res",-1,"Cold Res",2,,
"Ceanataur Braces S","10050z","Ceanataur Carpce",2,"Ceanataur Pincer",2,"Union Ore",2,"King Scarab",5,61,1,-1,0,2,-1,"Male/ Female","Blade",6,5,8,"OO-","Artisan",2,"SwdShrpner",1,"Attack",2,"Defence",-2,,
"Ceanataur Guards S","10050z","Ceanataur Carpce",2,"Ceanataur Pincer",2,"Union Ore",2,"King Scarab",5,30,2,0,2,4,0,"Male/ Female","Gunner",6,5,8,"OO-","PierceS Up",2,"PierceSAdd",3,"Defence",-2,,,,
"Rathian Vambraces S","10250z","Rathian Spike+",1,"Rathian Carapace",2,"Rathian Scale+",3,"Dragonite Ore",4,62,2,-2,-4,0,0,"Male/ Female","Blade",6,5,9,"OO-","Faint",-1,"Poison",2,"Health",4,,,,
"Rathian Guards S","10250z","Rathian Spike+",1,"Rathian Carapace",2,"Rathian Scale+",3,"Dragonite Ore",4,30,4,0,-2,2,2,"Male/ Female","Gunner",6,5,9,"OO-","Faint",-1,"Poison",2,"Health",4,,,,
"Naruga Vambraces S","10250z","Naruga Pelt",4,"Naruga Scale+",3,"Naruga Fang+",6,"Remobra Skin+",2,62,-4,-3,0,3,2,"Male/ Female","Blade",6,8,9,"OO-","Attack",-2,"Evade Inc",3,"Technique",2,,,,
"Naruga Guards S","10250z","Naruga Pelt",4,"Naruga Scale+",3,"Naruga Fang+",6,"Remobra Skin+",2,30,-2,-1,1,4,3,"Male/ Female","Gunner",6,8,9,"OO-","Attack",-2,"Evade Inc",1,"Technique",4,,,,
"Tigrex Vambraces S","10750z","Tigrex Claw+",2,"Tigrex Scale+",4,"Tigrex Claw",3,"Nova Crystal",1,64,3,-2,-1,2,3,"Male/ Female","Blade",6,6,9,"OO-","Protection",-2,"HearProtct",3,"PsychicVis",1,"Cooking",1,,
"Tigrex Guards S","10750z","Tigrex Claw+",2,"Tigrex Scale+",4,"Tigrex Claw",3,"Nova Crystal",1,30,4,-1,0,3,4,"Male/ Female","Gunner",6,6,9,"OO-","Protection",-2,"HearProtct",1,"PsychicVis",1,"Cooking",3,,
"Rathalos Vambraces S","10750z","Rathalos Scale+",2,"Hrd Monster Bone",3,"Rathalos Carpace",3,"Rare Scarab",3,64,2,2,-4,-1,-3,"Male/ Female","Blade",6,5,9,"OO-","Faint",-1,"Rec Speed",2,"Attack",4,,,,
"Rathalos Guards S","10750z","Rathalos Scale+",2,"Hrd Monster Bone",3,"Rathalos Tail",4,"Rare Scarab",3,30,4,5,-2,0,-1,"Male/ Female","Gunner",6,5,9,"OO-","Faint",-1,"Rec Speed",2,"Attack",4,,,,
"Diablo Vambraces S","10750z","Diablos Carapace",3,"Majestic Horn",1,"Blos Fang",4,"Monster Bone+",4,64,3,1,0,-1,-2,"Male/ Female","Blade",6,6,9,"OO-","Health",-2,"Expert",3,"WindPress",2,,,,
"Diablo Guards S","10750z","Diablos Carapace",3,"Majestic Horn",1,"Blos Fang",4,"Monster Bone+",4,30,5,4,0,2,-1,"Male/ Female","Gunner",6,6,9,"OO-","Health",-2,"Expert",3,"WindPress",2,,,,
"Gravios Vambraces S","10750z","Gravios Carapace",2,"Gravios Shell",6,"Hrd Monster Bone",1,"Firecell Stone",1,64,2,2,-2,-2,0,"Male/ Female","Blade",6,6,9,"O--","Guard",2,"Defence",5,"Stamina",-2,,,,
"Gravios Guards S","10750z","Gravios Carapace",2,"Gravios Shell",6,"Hrd Monster Bone",1,"Firecell Stone",1,30,4,3,0,1,1,"Male/ Female","Gunner",6,6,9,"OO-","Recoil",2,"Defence",3,"Stamina",-2,,,,
"Leather Vambraces U","1350z","Giaprey Hide+",2,"Iron Ore",4,"Blango Pelt+",2,"Bulldrome Hide+",1,20,2,0,0,0,0,"Male/ Female","Blade/ Gunner",7,4,7,"OOO","Sneak",-1,"Gathering",2,"Alchemy",2,,,,
"Chain Vambraces U","1650z","Carbalite Ore",1,"Rainbow Ore",3,"Machalite Ore",10,"High Quality Pelt",2,22,2,-2,0,2,1,"Male/ Female","Blade/ Gunner",7,4,7,"OO-","Backpackng",2,"Map",-1,"Whim",4,,,,
"Hunter Vambraces U","5350z","King Scarab",3,"Carbalite Ore",1,"Flame Sac",3,"Blk Gravios Shl",2,36,0,-4,0,0,0,"Male/ Female","Blade",7,4,7,"OO-","Sleep",-2,"BombStrUp",2,"PsychicVis",3,,,,
"Hunter Guards U","5350z","King Scarab",3,"Carbalite Ore",1,"Flame Sac",3,"Blk Gravios Shl",2,24,2,-2,0,2,2,"Male/ Female","Gunner",7,4,7,"OOO","Sleep",-2,"CragS Add",2,"PsychicVis",1,,,,
"Bone Vambraces U","7200z","Ioprey Hide+",2,"Hrd Monster Bone",1,"Bullfango Pelt",4,"King Scarab",3,42,2,-2,-2,2,-2,"Male/ Female","Blade",7,4,7,"OO-","Guard",-1,"Anti-Theft",2,"Horn",2,"Fatigue",2,,
"Bone Guards U","7200z","Ioprey Hide+",2,"Hrd Monster Bone",1,"Bullfango Pelt",4,"King Scarab",3,24,5,0,0,5,-1,"Male/ Female","Gunner",7,4,7,"OO-","Anti-Theft",2,"Precision",-2,"Fatigue",3,,,,
"Battle Vambraces U","7500z","Bulldrome Hide+",3,"Monster Bone+",3,"Carbalite Ore",2,"Fire Stone",1,44,2,-2,0,-2,-1,"Male/ Female","Blade",7,4,7,"OO-","Guard",2,"Defence",3,"Stamina",-2,,,,
"Battle Guards U","7500z","Bulldrome Hide+",3,"Monster Bone+",3,"Carbalite Ore",2,"Fire Stone",1,24,4,0,2,0,0,"Male/ Female","Gunner",7,4,7,"OO-","Load",2,"Defence",3,"All Resist",-2,,,,
"Giaprey Vambraces U","7500z","Giaprey Scale+",2,"Giaprey Hide+",2,"Blk Gravios Shl",1,"Monster Bone+",2,44,0,1,-1,1,3,"Male/ Female","Blade",7,4,7,"OO-","Snow Res",2,"Fire Res",-3,"Evade",2,,,,
"Giaprey Guards U","7500z","Giaprey Scale+",2,"Giaprey Hide+",2,"Blk Gravios Shl",1,"Monster Bone+",2,24,1,3,0,3,4,"Male/ Female","Gunner",7,4,7,"OO-","Snow Res",2,"Fire Res",-3,"Evade",2,,,,
"Vespoid Vambraces U","7800z","Vespoid InnrWng",1,"Vespoid Carapace",4,"Rainbow Insect",2,"Lightcrystal",2,48,-6,2,2,-5,-4,"Male/ Female","Blade",7,4,7,"OO-","Sleep",4,"Spc Attack",2,"Water Res",-1,,,,
"Vespoid Guards U","7800z","Vespoid InnrWng",1,"Vespoid Carapace",4,"Rainbow Insect",2,"Vespoid Abdomen",1,24,-5,5,2,-4,-3,"Male/ Female","Gunner",7,4,7,"OO-","Sleep",4,"Spc Attack",2,"Water Res",-1,,,,
"Hi-Metal Vambraces U","7800z","Carbalite Ore",5,"Fire Stone",2,"Dragonite Ore",5,"Electro Sac",2,48,-2,3,0,-2,-1,"Male/ Female","Blade",7,4,7,"OO-","ElementAtk",2,"Protection",2,"Stamina",-3,,,,
"Hi-Metal Guards U","7800z","Carbalite Ore",5,"Fire Stone",2,"Dragonite Ore",5,"Electro Sac",2,24,0,5,0,0,0,"Male/ Female","Gunner",7,4,7,"OO-","ElementAtk",2,"Protection",2,"Stamina",-3,,,,
"Steel Vambraces U","8950z","Nova Crystal",1,"Rainbow Ore",3,"Lightcrystal",2,"Dragonite Ore",10,50,2,-2,0,2,0,"Male/ Female","Blade",7,4,7,"OO-","Guard",2,"PsychicVis",3,"Stamina",-2,,,,
"Hornet Vambraces U","8800z","HornetaurInnrWng",1,"Hornetaur Carpce",4,"Rainbow Insect",2,"Hercudrome",4,50,-6,-5,2,-1,-5,"Male/ Female","Blade",7,4,7,"OO-","Protection",-2,"HearProtct",3,"Gathering",2,,,,
"Hornet Guards U","8800z","HornetaurInnrWng",1,"Hornetaur Carpce",4,"Rainbow Insect",2,"Hercudrome",4,24,-5,-3,3,2,-4,"Male/ Female","Gunner",7,4,7,"O--","Protection",-3,"HearProtct",4,"Gathering",2,,,,
"Genprey Vambraces U","8800z","Genprey Scale+",4,"Rainbow Insect",2,"Carbalite Ore",5,"Small Goldenfish",4,50,2,3,-1,-2,-2,"Male/ Female","Blade",7,4,7,"OO-","Paralysis",2,"Ice Res",-3,"Fate",2,,,,
"Genprey Guards U","8800z","Genprey Scale+",4,"Rainbow Insect",2,"Carbalite Ore",5,"Small Goldenfish",4,24,4,5,0,0,0,"Male/ Female","Gunner",7,4,7,"OO-","Paralysis",2,"Ice Res",-3,"Fate",2,,,,
"Ioprey Vambraces U","8950z","Ioprey Scale+",4,"Rainbow Insect",2,"Carbalite Ore",5,"Rubbery Hide+",2,50,3,-2,-1,2,1,"Male/ Female","Blade",7,5,7,"OO-","Poison",2,"ThunderRes",-3,"Recovery",2,,,,
"Ioprey Guards U","8950z","Ioprey Scale+",4,"Rainbow Insect",2,"Carbalite Ore",5,"Rubbery Hide+",2,26,4,0,0,3,2,"Male/ Female","Gunner",7,5,7,"OO-","Poison",2,"ThunderRes",-3,"Recovery",2,,,,
"Kut-Ku Vambraces U","8950z","Blue Kut-Ku Scl+",3,"Blue Kut-Ku Cpc",2,"Bulldrome Hide+",2,"Stout Bone",3,50,2,0,-1,-2,-2,"Male/ Female","Blade",7,4,8,"OO-","Health",-2,"Expert",3,"ElementAtk",2,,,,
"Kut-Ku Guards U","8950z","Blue Kut-Ku Scl+",3,"Blue Kut-Ku Cpc",2,"Bulldrome Hide+",2,"Stout Bone",3,26,5,3,0,1,-1,"Male/ Female","Gunner",7,4,8,"OO-","Health",-2,"Expert",3,"ElementAtk",2,,,,
"Cephalos Vambraces U","9000z","Coral Cphlos Scl",3,"Coral Cphlos Fin",2,"Machalite Ore",15,"Monster Bone+",2,52,-3,-4,0,2,2,"Male/ Female","Blade",7,4,7,"OO-","Hunger",4,"Heat Res",2,"Cold Res",-1,,,,
"Cephalos Guards U","9000z","Coral Cphlos Scl",3,"Coral Cphlos Fin",2,"Machalite Ore",15,"Monster Bone+",2,26,-1,-2,1,5,3,"Male/ Female","Gunner",7,4,7,"OO-","Hunger",4,"Heat Res",2,"Cold Res",-1,,,,
"Conga Vambraces U","9000z","Congalala Pelt+",2,"Sharp Claw",6,"Conga Pelt+",4,"Rainbow Insect",2,52,-3,2,0,2,-1,"Male/ Female","Blade",7,4,7,"OO-","BombStrUp",2,"Hunger",-2,"Potential",3,,,,
"Conga Guards U","9000z","Congalala Pelt+",2,"Sharp Claw",6,"Conga Pelt+",4,"Rainbow Insect",2,26,-1,4,1,4,0,"Male/ Female","Gunner",7,4,7,"OO-","PelletS Up",3,"BombStrUp",2,"Hunger",-2,,,,
"Gypceros Vambraces U","9000z","Pur GypcerosWng",3,"Monster Broth",2,"Antiseptic Stone",8,"Genprey Scale+",2,52,-4,4,0,1,1,"Male/ Female","Blade",7,5,7,"OO-","Faint",4,"WindPress",2,"Fate",-1,,,,
"Gypceros Guards U","9000z","Pur GypcerosWng",3,"Monster Broth",2,"Antiseptic Stone",8,"Genprey Scale+",2,26,-1,6,0,4,3,"Male/ Female","Gunner",7,5,7,"OO-","Faint",4,"WindPress",2,"Fate",-1,,,,
"Khezu Vambraces U","9100z","Alluring Webbing",3,"Pale Khezu Steak",1,"Union Ore",4,"Lifepowder",3,54,3,4,0,-3,0,"Male/ Female","Blade",7,5,7,"OO-","Rec Speed",-1,"Wide Area",4,"Recovery",2,,,,
"Khezu Guards U","9100z","Alluring Webbing",3,"Pale Khezu Steak",1,"Union Ore",4,"Lifepowder",3,26,5,6,0,-1,1,"Male/ Female","Gunner",7,5,7,"OO-","Rec Speed",-1,"Wide Area",4,"Recovery",2,,,,
"Hermitaur Braces U","9100z","Hermitaur Carpce",3,"Rainbow Insect",2,"King Scarab",4,"Rathian Scale",4,54,-3,-4,1,3,0,"Male/ Female","Blade",7,4,7,"OO-","Guard Up",2,"Defence",3,"ThunderRes",-2,,,,
"Hermitaur Guards U","9100z","Hermitaur Carpce",3,"Rainbow Insect",2,"King Scarab",4,"Rathian Scale",4,26,-1,-2,2,5,1,"Male/ Female","Gunner",7,4,7,"OO-","Guard Up",2,"Defence",3,"ThunderRes",-2,,,,
"Basarios Vambraces U","9100z","Basarios Carpace",3,"Carbalite Ore",5,"Toxin Sac",3,"Machalite Ore",20,54,0,2,-2,2,1,"Male/ Female","Blade",7,5,7,"OO-","Faint",-2,"Guard",2,"Terrain",3,,,,
"Basarios Guards U","9100z","Basarios Carpace",3,"Carbalite Ore",5,"Toxin Sac",3,"Machalite Ore",20,26,2,4,0,4,2,"Male/ Female","Gunner",7,5,7,"OO-","Faint",-2,"PierceSAdd",3,"Terrain",2,,,,
"Plesioth Vambraces U","9500z","Grn Plsioth Scl+",2,"Grn Plsioth Fin+",3,"Monster Broth",2,"Carbalite Ore",3,56,-4,-4,0,4,2,"Male/ Female","Blade",7,5,8,"OO-","Poison",-2,"Hunger",3,"Everlastng",2,,,,
"Plesioth Guards U","9500z","Grn Plsioth Scl+",2,"Grn Plsioth Fin+",3,"Monster Broth",2,"Carbalite Ore",3,28,-2,-2,1,6,3,"Male/ Female","Gunner",7,5,8,"OO-","Poison",-2,"Hunger",3,"Everlastng",2,,,,
"Blango Vambraces U","9900z","Blangonga Pelt+",2,"Blangonga Pelt",4,"Remobra Skin+",2,"Stout Bone",2,58,-4,0,1,2,3,"Male/ Female","Blade",7,5,8,"OO-","Spc Attack",2,"HearProtct",2,"Terrain",-3,,,,
"Blango Guards U","9900z","Blangonga Pelt+",2,"Blangonga Pelt",4,"Remobra Skin+",2,"Stout Bone",2,28,-3,1,2,4,5,"Male/ Female","Gunner",7,5,8,"OO-","Spc Attack",2,"HearProtct",2,"Terrain",-3,,,,
"Ceanataur Braces U","10050z","Ceanataur Carpce",2,"Ceanataur Pincer",2,"Hrd Monster Bone",1,"DaoraDragonScale",1,59,1,-1,0,2,-1,"Male/ Female","Blade",7,5,8,"OOO","Health",-1,"Sharpness",2,"Expert",2,,,,
"Ceanataur Guards U","10050z","Ceanataur Carpce",2,"Ceanataur Pincer",2,"Hrd Monster Bone",1,"DaoraDragonScale",1,28,2,0,2,4,0,"Male/ Female","Gunner",7,5,8,"OOO","Health",-1,"Expert",2,"Load",2,,,,
"Diablo Vambraces U","10750z","Black Blos Cpc",3,"Majestic Horn",1,"Blos Fang",4,"Gendrome Tail",3,62,3,1,0,-1,-2,"Male/ Female","Blade",7,6,9,"OO-","Sharpness",2,"Defence",-3,"WindPress",3,,,,
"Diablo Guards U","10750z","Black Blos Cpc",3,"Majestic Horn",1,"Blos Fang",4,"Gendrome Tail",3,28,5,4,0,2,-1,"Male/ Female","Gunner",7,6,9,"OO-","Load",2,"WindPress",3,"Fate",-2,,,,
"Gravios Vambraces U","10750z","Blk Gravios Cpc",2,"Blk Gravios Shl",6,"Hrd Monster Bone",3,"Inferno Sac",3,62,2,2,0,-2,1,"Male/ Female","Blade",7,6,9,"OO-","Guard Up",2,"Hunger",-2,"Defence",3,,,,
"Gravios Guards U","10750z","Blk Gravios Cpc",2,"Blk Gravios Shl",6,"Hrd Monster Bone",3,"Inferno Sac",3,28,4,3,0,1,2,"Male/ Female","Gunner",7,6,9,"OO-","Guard Up",3,"Hunger",-2,"Defence",1,,,,
"BlackBeltVambraces S","5250z","Rare Scarab",4,"Expert Ticket",8,"Tigrex Coin",13,"Shogun Coin",12,30,3,3,3,3,3,"Male/ Female","Blade/ Gunner",8,4,7,"---","Torso Inc",,,,,,,,,
"Shinobi Kote(Heaven)","16000z","Fatalis Webbing",1,"Commendation",1,"Pokke Ticket",1,"Rathian Scale+",5,30,2,4,2,-6,-3,"Male/ Female","Blade/ Gunner",8,"6!",10,"OOO","ElementAtk",2,"Cold Res",-1,"Evade",2,,,,
"Shinobi Kote (Earth)","16000z","Fatalis Webbing",1,"Commendation",1,"Pokke Ticket",1,"Rathian Scale+",5,30,2,4,2,-6,-3,"Male/ Female","Blade/ Gunner",8,"6!",10,"OO-","Sneak",2,"Hunger",4,"Heat Res",-1,,,,
"RedGuildGuard Gloves","16000z","Firecell Stone",1,"FlynMealPassPlus",1,"Commendation",1,"Lao-ShanCarapace",2,30,0,0,0,0,0,"Male","Blade/ Gunner",8,5,8,"O--","Protection",-2,"Backpackng",2,"Whim",3,"Fate",2,,
"RedGuildGuardSleeves","16000z","Firecell Stone",1,"FlynMealPassPlus",1,"Commendation",1,"Blk Blos Thracic",3,30,0,0,0,0,0,"Male","Blade/ Gunner",8,6,9,"O--","PelletS Up",2,"PelletSAdd",3,"Protection",-2,"Backpackng",2,,
"BlueGuildGuardGloves","16000z","Nova Crystal",1,"Pokke Ticket",2,"Commendation",1,"Azr Rathlos Scl+",5,30,0,0,0,0,0,"Male","Blade/ Gunner",8,6,9,"O--","Protection",2,"Fate",-3,"Carving",4,,,,
"BluGuildGuardSleeves","16000z","Nova Crystal",1,"Pokke Ticket",2,"Commendation",1,"Azre Rathlos Cpc",4,30,0,0,0,0,0,"Male","Blade/ Gunner",8,6,9,"O--","NormalS Up",2,"Fate",-3,"Carving",4,,,,
"RedGuildGuard Gloves","16000z","Firecell Stone",1,"FlynMealPassPlus",1,"Commendation",1,"Lao-ShanCarapace",2,30,0,0,0,0,0,"Female","Blade/ Gunner",8,5,8,"O--","Protection",-2,"Backpackng",2,"Whim",3,"Fate",2,,
"RedGuildGuardSleeves","16000z","Firecell Stone",1,"FlynMealPassPlus",1,"Commendation",1,"Blk Blos Thracic",3,30,0,0,0,0,0,"Female","Blade/ Gunner",8,6,9,"O--","PelletS Up",2,"PelletSAdd",3,"Protection",-2,"Backpackng",2,,
"BlueGuildGuardGloves","16000z","Nova Crystal",1,"Pokke Ticket",2,"Commendation",1,"Azr Rathlos Scl+",5,30,0,0,0,0,0,"Female","Blade/ Gunner",8,6,9,"O--","Protection",2,"Fate",-3,"Carving",4,,,,
"BluGuildGuardSleeves","16000z","Nova Crystal",1,"Pokke Ticket",2,"Commendation",1,"Azre Rathlos Cpc",4,30,0,0,0,0,0,"Female","Blade/ Gunner",8,6,9,"O--","NormalS Up",2,"Fate",-3,"Carving",4,,,,
"Devil Blos Vambraces","5800z","One-HornedTicket",1,"Diablos Carapace",3,"Majestic Horn",1,"Monster Bone+",4,40,3,1,0,-1,-2,"Male/ Female","Blade",8,6,9,"OO-","PsychicVis",1,"Stamina",2,"Technique",-2,"Fast Chrge",2,,
"Devil Blos Guards","5800z","One-HornedTicket",1,"Diablos Carapace",3,"Majestic Horn",1,"Monster Bone+",4,20,5,4,0,2,-1,"Male/ Female","Gunner",8,6,9,"O--","PsychicVis",4,"Stamina",1,"Technique",-2,"Fast Chrge",2,,
"Jolly Roger Gloves","13500z","Pirate J Ticket",1,"Teostra Carapace",2,"Small Goldenfish",2,"Remobra Skin+",2,48,0,0,0,0,0,"Male/ Female","Blade",8,"6!",10,"---","BombStrUp",3,"Protection",-2,"Fate",2,"Carving",4,,
"Jolly Roger Cuffs","13500z","Pirate J Ticket",1,"Teostra Carapace",2,"Small Goldenfish",2,"Remobra Skin+",2,24,0,0,0,0,0,"Male/ Female","Gunner",8,"6!",10,"---","Protection",-3,"Fate",4,"Carving",4,,,,
"Golden Kote","15500z","Rajang Horn",1,"Gld Rathian Scl+",1,"Rajang Tail",2,,,55,3,2,3,2,-2,"Male/ Female","Blade",8,6,9,"O--","Sneak",-2,"Artisan",2,"Potential",3,"Horn",2,,
"PuppetMaster Gloves","15500z","Rajang Horn",1,"Rajang Tail",2,"DaoraDragonScale",2,"Remobra Skin+",2,28,4,3,4,3,-1,"Male/ Female","Gunner",8,6,7,"O--","Sneak",2,"Potential",3,"Precision",-1,"Gunnery",3,,
"Obituary Mano S","9100z","Rare Scarab",1,"Great Hornfly",2,"Thunder Sac",2,"Paralysis Sac",3,56,3,3,2,-5,-4,"Male","Blade",8,4,7,"OO-","Spc Attack",2,"Cold Res",-2,"Evade",3,,,,
"Obituary Brasso S","9100z","Rare Scarab",1,"Great Hornfly",2,"Thunder Sac",2,"Paralysis Sac",3,28,4,5,2,-4,-3,"Male","Gunner",8,4,7,"OO-","Spc Attack",2,"Cold Res",-2,"Evade",3,,,,
"Butterfly Mano S","9100z","Rare Scarab",1,"Great Hornfly",2,"Thunder Sac",2,"Paralysis Sac",3,56,3,3,2,-5,-4,"Female","Blade",8,4,7,"OO-","Spc Attack",2,"Cold Res",-2,"Evade",3,,,,
"Butterfly Brasso S","9100z","Rare Scarab",1,"Great Hornfly",2,"Thunder Sac",2,"Paralysis Sac",3,28,4,5,2,-4,-3,"Female","Gunner",8,4,7,"OO-","Spc Attack",2,"Cold Res",-2,"Evade",3,,,,
"Death Stench Grip S","10750z","Sinister Cloth",2,"Tigrex Fang+",3,"Striped Skin",2,"Elder Drgn Bone",2,64,2,1,0,1,-1,"Male/ Female","Blade",8,6,9,"OO-","Health",-3,"Fencing",2,"Spc Attack",2,,,,
"Death Stench Grasp S","10750z","Sinister Cloth",2,"Tigrex Fang+",3,"Striped Skin",2,"Elder Drgn Bone",2,30,3,2,1,2,0,"Male/ Female","Gunner",8,6,9,"OO-","Health",-3,"Spc Attack",2,"Speed Fire",2,,,,
"SupremeMizuhaSleeves","14000z","Chameleos Spike",2,"Chameleos Hide+",3,"Elder Drgn Bone",4,"ElderDragonBlood",2,64,-4,0,-1,3,4,"Male/ Female","Blade",8,6,9,"O--","HearProtct",2,"WindPress",5,"Terrain",-2,,,,
"SprmExtrvgantSleeves","14000z","Chameleos Spike",2,"Chameleos Hide+",3,"Elder Drgn Bone",4,"ElderDragonBlood",2,30,-3,1,0,4,5,"Male/ Female","Gunner",8,6,9,"O--","HearProtct",2,"WindPress",5,"Terrain",-2,,,,
"Kushala Grip S","16000z","Daora Carapace",3,"Daora Sharp Claw",1,"DaoraDragonScal+",3,"Elder Drgn Bone",5,66,0,-2,-3,2,4,"Male/ Female","Blade",8,6,8,"O--","Poison",-3,"Terrain",4,"Fast Chrge",2,,,,
"Kushala Embrace S","16000z","Daora Carapace",3,"Daora Sharp Claw",1,"DaoraDragonScal+",3,"Elder Drgn Bone",5,32,2,-2,-2,3,5,"Male/ Female","Gunner",8,6,8,"O--","Poison",-3,"Terrain",4,"Fast Chrge",2,,,,
"Kirin Longarms S","16000z","Kirin Hide+",1,"Kirin Hide",3,"Rubbery Hide+",2,"Thunderbug Juice",3,66,0,4,-1,2,0,"Male/ Female","Blade",8,5,9,"O--","ElementAtk",2,"All Resist",5,"Everlastng",-2,,,,
"Kirin Gloves S","16000z","Kirin Hide+",1,"Kirin Hide",3,"Rubbery Hide+",2,"Thunderbug Juice",3,32,1,6,0,4,1,"Male/ Female","Gunner",8,5,9,"O--","ElementAtk",2,"All Resist",5,"Everlastng",-2,,,,
"Auroros GauntletHaku","16000z","Lao-Shan Scale+",5,"ElderDragonBlood",4,"FireWyvrn BrnStm",1,"Commendation",3,66,-2,0,-4,2,2,"Male","Blade",8,6,8,"OO-","Faint",-1,"Rec Speed",2,"Guard",2,"Guard Up",2,,
"Genesis GauntletHaku","16000z","Lao-Shan Scale+",5,"ElderDragonBlood",4,"FireWyvrn BrnStm",1,"Commendation",3,32,1,2,-2,3,3,"Male","Gunner",8,6,8,"OO-","Faint",-1,"Rec Speed",2,"Load",4,,,,
"BorealisGauntletHaku","16000z","Lao-Shan Scale+",5,"ElderDragonBlood",4,"FireWyvrn BrnStm",1,"Commendation",3,66,-2,0,-4,2,2,"Female","Blade",8,6,8,"OO-","Faint",-1,"Rec Speed",2,"Guard",2,"Guard Up",2,,
"Glyph Gauntlets Haku","16000z","Lao-Shan Scale+",5,"ElderDragonBlood",4,"FireWyvrn BrnStm",1,"Commendation",3,32,1,2,-2,3,3,"Female","Gunner",8,6,8,"OO-","Faint",-1,"Rec Speed",2,"Load",4,,,,
"UltimateIndraGloves","21000z","Gaoren Carapace",2,"Gaoren Pincer",1,"DaoraDragonScal+",2,"Rare Scarab",3,70,-2,2,-2,3,2,"Male/ Female","Blade",8,6,9,"O--","Guard",5,"Cooking",-2,"Quake Res",2,,,,
"SuprmSteadfastGuards","21000z","Gaoren Carapace",2,"Gaoren Pincer",1,"DaoraDragonScal+",2,"Rare Scarab",3,34,0,3,-1,5,3,"Male/ Female","Gunner",8,6,9,"OO-","Recoil",2,"Fate",1,"Cooking",-2,"Quake Res",2,,
"Kaiser Vambraces S","21000z","Teostra Carapace",4,"Fire Dragon Claw",3,"Firecell Stone",2,"ElderDragonBlood",3,70,5,0,-2,-1,0,"Male/ Female","Blade",8,6,9,"OO-","Expert",3,"Cold Res",-2,"Fatigue",2,,,,
"Kaiser Guards S","21000z","Teostra Carapace",4,"Fire Dragon Claw",3,"Firecell Stone",2,"ElderDragonBlood",3,34,6,2,-1,1,0,"Male/ Female","Gunner",8,6,9,"O--","Expert",5,"Cold Res",-2,"Fatigue",2,,,,
"Dragonclaw S","22222z","Fatalis Horn",2,"Fatalis Shell",1,"Fatalis Webbing",3,"Rathian Ruby",1,70,0,2,-5,2,2,"Male/ Female","Blade",8,"6!",10,"O--","Sharpness",1,"Fencing",3,"Expert",-2,"Protection",-3,,
"Dragonfist S","22222z","Fatalis Horn",2,"Fatalis Shell",1,"Fatalis Webbing",3,"Rathian Ruby",1,34,2,4,-2,4,3,"Male/ Female","Gunner",8,"6!",10,"O--","Expert",-2,"NormalS Up",3,"Protection",-3,"Speed Fire",1,,
"Dark Akantor Claw","21000z","Akantor Fang",2,"Akantor Shell",2,"Akantor Scale",3,"Firecell Stone",5,70,2,-1,-4,3,4,"Male/ Female","Blade",8,6,9,"O--","Artisan",2,"Expert",4,"HearProtct",1,"Fast Chrge",-2,,
"DarkAkantor Gauntlet","21000z","Akantor Fang",2,"Akantor Shell",2,"Akantor Scale",3,"Firecell Stone",5,34,3,0,-2,4,5,"Male/ Female","Gunner",8,6,9,"O--","Expert",4,"HearProtct",1,"Loading",2,"Fast Chrge",-2,,
"Shinobi Kote (Sky)","16000z","Fatalis Webbing",1,"Commendation",1,"Rainbow Ore",3,"Rathian Carapace",3,28,2,4,2,-6,-3,"Male/ Female","Blade/ Gunner",8,"6!",10,"OOO","Spc Attack",2,"Cold Res",-1,"Evade",2,,,,
"Shinobi Kote (Sea)","16000z","Fatalis Webbing",1,"Commendation",1,"Rainbow Ore",3,"Rathian Carapace",3,28,2,4,2,-6,-3,"Male/ Female","Blade/ Gunner",8,"6!",10,"OO-","Sneak",-2,"Hunger",2,"Wide Area",3,,,,
"Guardian Vambraces U","16000z","Union Ore",3,"Springnight Carp",4,"Expert Ticket",2,"Kirin Coin",3,28,0,0,0,0,0,"Male","Blade/ Gunner",8,4,7,"OO-","Protection",2,"Stamina",-1,"Gunnery",4,,,,
"Guardian Guards U","16000z","Union Ore",3,"Springnight Carp",4,"Expert Ticket",2,"Gravios Coin",3,28,0,0,0,0,0,"Male","Blade/ Gunner",8,4,7,"OO-","Sneak",-1,"Protection",2,"Wide Area",4,,,,
"Helper Sleeves U","16000z","Union Ore",3,"Springnight Carp",4,"Expert Ticket",2,"Kirin Coin",3,28,0,0,0,0,0,"Female","Blade/ Gunner",8,4,7,"OO-","Protection",2,"Stamina",-1,"Gunnery",4,,,,
"Healer Sleeves U","16000z","Union Ore",3,"Springnight Carp",4,"Expert Ticket",2,"Gravios Coin",3,28,0,0,0,0,0,"Female","Blade/ Gunner",8,4,7,"OO-","Sneak",-1,"Protection",2,"Wide Area",4,,,,
"Melahoa Branch U","7800z","King Scarab",3,"Dosbiscus",4,"FlynMealPassPlus",1,"Mega Armorskin",5,48,0,1,0,1,0,"Male/ Female","Blade",8,4,7,"OO-","Health",-1,"Gathering",3,"HiSpdGathr",2,"Recovery",1,,
"Melahoa Petal U","7800z","King Scarab",3,"Dosbiscus",4,"FlynMealPassPlus",1,"Mega Armorskin",5,24,0,1,0,2,0,"Male/ Female","Gunner",8,4,7,"OO-","Health",-1,"Gathering",3,"HiSpdGathr",2,"Recovery",1,,
"Makluva Sleeves U","9000z","Cephalos Scale+",8,"Springnight Carp",4,"Speartuna",1,"Book of Combos 1",1,52,0,-2,0,2,0,"Male/ Female","Blade",8,4,7,"OO-","MixSucRate",5,"Alchemy",2,,,,,,
"Makluva Sucker U","9000z","Cephalos Scale+",8,"Springnight Carp",4,"Speartuna",1,"Book of Combos 1",1,26,0,-1,0,3,0,"Male/ Female","Gunner",8,4,7,"OO-","MixSucRate",5,"Alchemy",2,,,,,,
"Monodevil Braces U","9900z","WhtMnoblosThrcic",2,"Wht Monoblos Cpc",5,"Wht Monoblos Hrn",2,"Hrd Monster Bone",3,58,2,-2,-1,-1,-1,"Male/ Female","Blade",8,10,"8!","O--","Artisan",2,"Expert",1,"Protection",-2,"Potential",4,,
"Monodevil Guards U","9900z","WhtMnoblosThrcic",2,"Wht Monoblos Cpc",5,"Wht Monoblos Hrn",2,"Hrd Monster Bone",3,28,4,0,0,2,0,"Male/ Female","Gunner",8,10,"8!","O--","Expert",1,"Protection",-2,"Potential",4,"Loading",2,,
"Rthan Heart Braces U","13950z","Pnk Rathian Cpc",2,"PnkRathian Scl+",4,"Hrd Monster Bone",3,"Rathian Plate",1,60,2,-2,-4,0,0,"Male/ Female","Blade",8,6,9,"OO-","Antiseptic",1,"Sneak",-1,"Whim",3,"Recovery",2,,
"Rthan Heart Guards U","13950z","Pnk Rathian Cpc",2,"PnkRathian Scl+",4,"Hrd Monster Bone",3,"Rathian Plate",1,28,4,0,-2,2,2,"Male/ Female","Gunner",8,6,9,"OO-","Antiseptic",1,"Sneak",-1,"Whim",3,"Recovery",2,,
"Rthlos Soul Braces U","14500z","Azre Rathlos Cpc",2,"Azr Rathlos Scl+",3,"Hrd Monster Bone",3,"Carbalite Ore",3,62,2,2,-4,-1,0,"Male/ Female","Blade",8,6,9,"OO-","Health",-2,"Expert",2,"HearProtct",3,,,,
"Rthlos Soul Guards U","14500z","Azre Rathlos Cpc",2,"Azr Rathlos Tail",3,"Hrd Monster Bone",3,"Carbalite Ore",3,28,4,5,-2,2,1,"Male/ Female","Gunner",8,6,9,"OO-","Health",-2,"Expert",2,"HearProtct",3,,,,
"Golden Moon Braces","15100z","Gld Rathian Cpc",3,"Gld Rathian Scl+",3,"Rathian Spike+",1,"Rathian Ruby",1,62,2,-2,1,0,0,"Male/ Female","Blade",8,6,9,"OO-","Health",3,"Whim",-1,"Fate",3,,,,
"Golden Moon Guards","15100z","Gld Rathian Cpc",3,"Gld Rathian Scl+",3,"Rathian Spike+",1,"Rathian Ruby",1,31,4,0,2,2,1,"Male/ Female","Gunner",8,6,9,"OO-","Health",3,"Whim",-1,"Fate",3,,,,
"Silver Sol Braces","16000z","Slvr Rathlos Cpc",2,"Slvr Ratlos Scl+",3,"Rathalos Ruby",1,"Wyvern Stone",2,64,2,-1,1,-1,0,"Male/ Female","Blade",8,6,9,"OO-","Fencing",2,"Attack",3,"Defence",-2,,,,
"Silver Sol Guards","16000z","Slvr Rathlos Cpc",2,"Slvr Ratlos Tail",3,"Rathalos Ruby",1,"Wyvern Stone",2,32,4,1,2,2,1,"Male/ Female","Gunner",8,6,9,"OO-","PierceS Up",2,"ElementAtk",1,"Attack",2,"Defence",-2,,
"Auroros Gauntlet Ten","32500z","Azure LaoS Shell",5,"ElderDragonBlood",4,"Rathian Spike+",2,"Commendation",3,64,-2,0,-4,2,2,"Male","Blade",8,5,9,"OO-","Faint",-2,"Rec Speed",3,"Fencing",2,,,,
"Genesis Gauntlet Ten","32500z","Azure LaoS Shell",5,"ElderDragonBlood",4,"Rathian Spike+",2,"Commendation",3,30,1,2,-2,3,3,"Male","Gunner",8,5,9,"OO-","Faint",-2,"Rec Speed",3,"PierceS Up",2,,,,
"Borealis GauntletTen","32500z","Azure LaoS Shell",5,"ElderDragonBlood",4,"Rathian Spike+",2,"Commendation",3,64,-2,0,-4,2,2,"Female","Blade",8,5,9,"OO-","Faint",-2,"Rec Speed",3,"Fencing",2,,,,
"Glyph Gauntlets Ten","32500z","Azure LaoS Shell",5,"ElderDragonBlood",4,"Rathian Spike+",2,"Commendation",3,30,1,2,-2,3,3,"Female","Gunner",8,5,9,"OO-","Faint",-2,"Rec Speed",3,"PierceS Up",2,,,,
"Fatalis Claw","33333z","Fatalis CrmsnHrn",2,"Fatalis CrmsnShl",1,"Fatalis CrmsnWng",3,"Rathian Ruby",1,68,0,2,-5,2,2,"Male/ Female","Blade",8,"6!",10,"O--","Artisan",2,"Defence",-2,"Protection",-3,"Stamina",2,,
"Fatalis Fist","33333z","Fatalis CrmsnHrn",2,"Fatalis CrmsnShl",1,"Fatalis CrmsnWng",3,"Rathian Ruby",1,32,2,4,-2,4,3,"Male/ Female","Gunner",8,"6!",10,"O--","Defence",-2,"Protection",-3,"Stamina",2,"Loading",2,,
"White Fatalis Claw","44444z","White Ftalis Hrn",2,"Wht Fatalis Cpc",1,"Wht Fatalis Wbng",3,"Chameleos Jewel",1,71,0,2,-5,2,2,"Male/ Female","Blade",8,"6!",10,"O--","Sharpness",-2,"Artisan",2,"Fencing",2,"Protection",-3,,
"White Fatalis Fist","44444z","White Ftalis Hrn",2,"Wht Fatalis Cpc",1,"Wht Fatalis Wbng",3,"Chameleos Jewel",1,35,2,4,-2,4,3,"Male/ Female","Gunner",8,"6!",10,"O--","Protection",-3,"Stamina",-2,"Loading",2,"Fast Chrge",2,,
"Kut-Ku Vambraces X","12800z","Kut-Ku Thck Scl",3,"Kut-Ku Hvy Cpc",2,"Kut-Ku Hrd Wbbng",2,"Stout Bone",2,78,2,0,-1,-2,-2,"Male/ Female","Blade",9,7,10,"OO-","Rec Speed",1,"Attack",2,"Defence",-2,"PsychicVis",4,,
"Kut-Ku Guards X","12800z","Kut-Ku Thck Scl",3,"Kut-Ku Hvy Cpc",2,"Kut-Ku Hrd Wbbng",2,"Stout Bone",2,38,5,3,0,1,-1,"Male/ Female","Gunner",9,7,10,"OO-","Rec Speed",1,"Attack",2,"Defence",-2,"PsychicVis",4,,
"Conga Vambraces X","13300z","Congalala Pelt G",2,"Razor Claw",6,"Conga Pelt+",4,"Rare Scarab",2,80,-3,2,0,2,-1,"Male/ Female","Blade",9,7,10,"OO-","Antiseptic",4,"Spc Attack",3,"Hunger",-2,,,,
"Conga Guards X","13300z","Congalala Pelt G",2,"Razor Claw",6,"Conga Pelt+",4,"Rare Scarab",2,40,-1,4,1,4,0,"Male/ Female","Gunner",9,7,10,"OO-","PierceS Up",4,"Hunger",-2,"Gluttony",3,,,,
"Gypceros Vambraces X","13300z","Rubbery Hide G",4,"Monster Broth+",2,"Pure Crystal",1,"Gendrome Tail",4,80,-4,4,0,1,1,"Male/ Female","Blade",9,7,10,"OO-","Poison",2,"Recovery",-3,"Carving",4,,,,
"Gypceros Guards X","13300z","Rubbery Hide G",4,"Monster Broth+",2,"Pure Crystal",1,"Gendrome Tail",4,40,-1,6,0,4,3,"Male/ Female","Gunner",9,7,10,"OO-","Recovery",-3,"Carving",4,"PoisnCtAdd",2,,,,
"Khezu Vambraces X","13800z","Khezu Hide-Gloss",2,"Etherlite Ore",4,"Thunderbug Juice",4,"Hrd Monster Bone",4,82,-3,4,0,3,1,"Male/ Female","Blade",9,7,10,"OO-","Paralysis",3,"Faint",-2,"Rec Speed",4,,,,
"Khezu Guards X","13800z","Khezu Hide-Gloss",2,"Etherlite Ore",4,"Thunderbug Juice",4,"Hrd Monster Bone",4,40,-1,6,0,5,2,"Male/ Female","Gunner",9,7,10,"OO-","Paralysis",3,"Faint",-2,"Recovery",4,,,,
"Hermitaur Braces X","13800z","HermitaurClaw G",2,"Hermitaur HvyCpc",3,"Razor Claw",3,"Union Ore",4,82,-3,-4,1,3,0,"Male/ Female","Blade",9,7,10,"OO-","Guard Up",3,"BombStrUp",2,"Defence",2,"All Resist",-2,,
"Hermitaur Guards X","13800z","HermitaurClaw G",2,"Hermitaur HvyCpc",3,"Razor Claw",3,"Union Ore",4,40,-1,-2,2,5,1,"Male/ Female","Gunner",9,7,10,"OO-","Guard Up",3,"CragS Add",2,"Defence",2,"All Resist",-2,,
"Hypnoc Vambraces X","13800z","Hypnoc Feather+",4,"Hypnoc StrngClaw",3,"HypncFangedBeak",3,"Kut-Ku Thck Scl",3,82,-2,0,1,2,1,"Male/ Female","Blade",9,7,10,"OO-","Paralysis",-2,"Sleep",4,"Technique",3,,,,
"Hypnoc Guards X","13800z","Hypnoc Feather+",4,"Hypnoc StrngClaw",3,"HypncFangedBeak",3,"Kut-Ku Thck Scl",3,40,0,2,2,4,3,"Male/ Female","Gunner",9,7,10,"OO-","Paralysis",-2,"Sleep",1,"SleepCtAdd",3,"Technique",3,,
"Basarios Vambraces X","13800z","Basarios Hvy Cpc",3,"Melange Ore",3,"Venom Sac",3,"Etherlite Ore",4,84,0,2,-2,2,1,"Male/ Female","Blade",9,8,10,"OOO","Attack",-2,"Defence",3,"Protection",2,,,,
"Basarios Guards X","13800z","Basarios Hvy Cpc",3,"Melange Ore",3,"Venom Sac",3,"Etherlite Ore",4,42,2,4,0,4,2,"Male/ Female","Gunner",9,8,10,"OO-","Attack",-2,"Defence",2,"Protection",2,"Gunnery",3,,
"Plesioth Vambraces X","14250z","Plsioth Thck Scl",1,"Plesioth Fin G",3,"Cephalos Scale+",3,"Emperor Locust",3,84,-4,-4,0,4,2,"Male/ Female","Blade",9,7,10,"OO-","Stamina",1,"Technique",-1,"Trapper",2,"Observance",5,,
"Plesioth Guards X","14250z","Plsioth Thck Scl",1,"Plesioth Fin G",3,"Cephalos Scale+",3,"Emperor Locust",3,42,-2,-2,1,6,3,"Male/ Female","Gunner",9,7,10,"OO-","Stamina",3,"Technique",3,"Trapper",3,,,,
"Monoblos Vambraces X","14750z","Melange Ore",3,"Majestic Red Hrn",2,"Monoblos Carpce",5,"Hvy Monster Bone",3,88,2,-2,-1,-1,-1,"Male/ Female","Blade",9,"7!","8!","OO-","Expert",4,"Protection",-2,"PsychicVis",2,"Potential",1,,
"Monoblos Guards X","14750z","Melange Ore",3,"Majestic Red Hrn",2,"Monoblos Carpce",5,"Hvy Monster Bone",3,44,4,0,0,2,0,"Male/ Female","Gunner",9,"7!","8!","OO-","Expert",4,"Protection",-2,"PsychicVis",2,"Potential",1,,
"Garuga Vambraces X","14750z","Garuga Scale G",5,"Garuga Hvy Cpc",3,"Garuga Tail+",1,"Hvy Monster Bone",2,88,2,2,0,0,0,"Male/ Female","Blade",9,8,10,"OO-","Rec Speed",-2,"SwdShrpner",1,"Spc Attack",4,"HearProtct",2,,
"Garuga Guards X","14750z","Garuga Scale G",5,"Garuga Hvy Cpc",3,"Garuga Tail+",1,"Hvy Monster Bone",2,44,3,3,0,2,1,"Male/ Female","Gunner",9,8,10,"OO-","Rec Speed",-2,"Spc Attack",4,"HearProtct",2,"RazorCtAdd",1,,
"Blango Vambraces X","14750z","Blangonga Pelt G",2,"Blangonga Tail G",2,"Blangonga Pelt+",4,"Giadrome Hide",2,88,-4,0,1,2,3,"Male/ Female","Blade",9,8,10,"OO-","Snow Res",5,"ElementAtk",2,"Heat Res",-2,,,,
"Blango Guards X","14750z","Blangonga Pelt G",2,"Blangonga Tail G",2,"Blangonga Pelt+",4,"Giadrome Hide",2,44,-3,1,2,4,5,"Male/ Female","Gunner",9,8,10,"OO-","Snow Res",5,"ElementAtk",2,"Heat Res",-2,,,,
"Ceanataur Braces X","15100z","CeanataurHvyCpc",2,"CeanataurHvyLeg",3,"Ceanataur Pincer",3,"Melange Ore",2,89,1,-1,0,2,-1,"Male/ Female","Blade",9,8,10,"OO-","Health",-4,"Fencing",1,"Drawn Crit",4,,,,
"Ceanataur Guards X","15100z","CeanataurHvyCpc",2,"CeanataurHvyLeg",3,"Ceanataur Pincer",3,"Melange Ore",2,44,2,0,2,4,0,"Male/ Female","Gunner",9,8,10,"OO-","Health",-3,"PierceSAdd",5,"Loading",1,,,,
"Rathian Vambraces X","15600z","Rathian Spike G",1,"Rathian Hvy Cpc",2,"Rathian Thck Scl",3,"Melange Ore",3,90,2,-2,-4,0,0,"Male/ Female","Blade",9,8,10,"OO-","Health",4,"SwdShrpner",-2,"Recovery",3,,,,
"Rathian Guards X","15600z","Rathian Spike G",1,"Rathian Hvy Cpc",2,"Rathian Thck Scl",3,"Melange Ore",3,44,4,0,-2,2,2,"Male/ Female","Gunner",9,8,10,"OO-","Health",6,"Recovery",1,"Precision",-2,,,,
"Naruga Vambraces X","15600z","Naruga Blk Pelt",4,"Naruga Thck Scl",3,"Naruga Hvy Fang",6,"Remobra Skin G",2,90,-4,-3,0,3,2,"Male/ Female","Blade",9,8,10,"OO-","Attack",-2,"Evade",2,"Evade Inc",3,"Set Trap",2,,
"Naruga Guards X","15600z","Naruga Blk Pelt",4,"Naruga Thck Scl",3,"Naruga Hvy Fang",6,"Remobra Skin G",2,44,-2,-1,1,4,3,"Male/ Female","Gunner",9,8,10,"OO-","Attack",-2,"Evade",5,"Evade Inc",2,,,,
"Volganos Vambraces X","16100z","Volganos Hvy Cpc",3,"Volganos Fin+",1,"Volganos Thk Scl",6,"Melange Ore",2,92,4,0,1,-3,0,"Male/ Female","Blade",9,8,10,"O--","MixSucRate",-2,"Terrain",5,"Survival",1,"Fast Chrge",3,,
"Volganos Guards X","16100z","Volganos Hvy Cpc",3,"Volganos Fin+",1,"Volganos Thk Scl",6,"Melange Ore",2,46,5,2,2,-1,2,"Male/ Female","Gunner",9,8,10,"O--","MixSucRate",-2,"Terrain",5,"Survival",1,"Fast Chrge",3,,
"Tigrex Vambraces X","16100z","Tigrex StrngClaw",2,"Tigrex Thck Scl",4,"Tigrex Claw+",3,"Pure Crystal",1,92,3,-2,-1,2,3,"Male/ Female","Blade",9,9,10,"OO-","Protection",-2,"HearProtct",1,"Cooking",3,"Observance",3,,
"Tigrex Guards X","16100z","Tigrex StrngClaw",2,"Tigrex Thck Scl",4,"Tigrex Claw+",3,"Pure Crystal",1,46,4,-1,0,3,4,"Male/ Female","Gunner",9,9,10,"OO-","Protection",-2,"HearProtct",1,"Cooking",3,"Observance",3,,
"Rathalos Vambraces X","16100z","Rathalos ThckScl",2,"Rathalos Hvy Cpc",3,"Hvy Monster Bone",2,"PhantomButterfly",3,92,2,2,-4,-1,-3,"Male/ Female","Blade",9,8,10,"OO-","Attack",5,"Drawn Crit",2,"Fast Chrge",-2,,,,
"Rathalos Guards X","16100z","Rathalos ThckScl",2,"Rathalos Hvy Cpc",3,"Hvy Monster Bone",2,"PhantomButterfly",3,46,4,5,-2,0,-1,"Male/ Female","Gunner",9,8,10,"OO-","NormalS Up",2,"Attack",5,"Fast Chrge",-2,,,,
"Diablo Vambraces X","16100z","Diablos Hvy Cpc",3,"Glorious Horn",1,"Blos Fang",8,"Hvy Monster Bone",4,92,3,1,0,-1,-2,"Male/ Female","Blade",9,9,10,"OO-","Attack",6,"WindPress",1,"Map",-2,,,,
"Diablo Guards X","16100z","Diablos Hvy Cpc",3,"Glorious Horn",1,"Blos Fang",8,"Hvy Monster Bone",4,46,5,4,0,2,-1,"Male/ Female","Gunner",9,9,10,"OO-","Attack",3,"WindPress",4,"Map",-2,,,,
"Gravios Vambraces X","16100z","Gravios Hvy Cpc",2,"Gravios Carapace",2,"Venom Sac",2,"GraviosDvnePlate",1,92,2,2,-2,-2,0,"Male/ Female","Blade",9,9,10,"OO-","Health",3,"Guard",3,"Guard Up",1,"Technique",-2,,
"Gravios Guards X","16100z","Gravios Hvy Cpc",2,"Gravios Carapace",2,"Venom Sac",2,"GraviosDvnePlate",1,46,4,3,0,1,1,"Male/ Female","Gunner",9,9,10,"OO-","Health",3,"Guard Up",1,"Recoil",3,"Technique",-2,,
"Kut-Ku Vambraces Z","12800z","BlueKut-KuThkScl",3,"BlueKut-KuHvyCpc",2,"Bullfango Pelt+",2,"Stout Bone",2,80,2,0,-1,-2,-2,"Male/ Female","Blade",9,7,10,"OO-","Health",-2,"Expert",3,"WindPress",1,"Recovery",3,,
"Kut-Ku Guards Z","12800z","BlueKut-KuThkScl",3,"BlueKut-KuHvyCpc",2,"Bullfango Pelt+",2,"Stout Bone",2,40,5,3,0,1,-1,"Male/ Female","Gunner",9,7,10,"OO-","Health",-2,"Expert",3,"Load",1,"Recovery",3,,
"Conga Vambraces Z","13300z","GrnCongalalaPelt",4,"Vibrant Crown",1,"GrnCongalalaClaw",2,"Hvy Monster Bone",2,82,2,1,0,1,-3,"Male/ Female","Blade",9,7,10,"OO-","Sharpness",-2,"Expert",4,"Cooking",3,,,,
"Conga Guards Z","13300z","GrnCongalalaPelt",4,"Vibrant Crown",1,"GrnCongalalaClaw",2,"Hvy Monster Bone",2,42,4,3,0,3,-1,"Male/ Female","Gunner",9,7,10,"OOO","PelletS Up",2,"Cooking",2,"Fast Chrge",-3,,,,
"Gypceros Vambraces Z","13300z","Pur Gyp StrngWng",3,"Venom Sac",2,"Antiseptic Stone",8,"BirdWyvnStoutBne",4,82,-4,4,0,1,1,"Male/ Female","Blade",9,7,10,"OO-","Faint",4,"Hunger",-2,"Stamina",3,,,,
"Gypceros Guards Z","13300z","Pur Gyp StrngWng",3,"Venom Sac",2,"Antiseptic Stone",8,"BirdWyvnStoutBne",4,42,-1,6,0,4,3,"Male/ Female","Gunner",9,7,10,"OO-","Faint",4,"Hunger",-2,"Stamina",3,,,,
"Khezu Vambraces Z","13800z","Alluring Wing",2,"Pale Khezu Steak",1,"Lightning Sac",2,"Carbalite Ore",4,84,3,4,0,-3,0,"Male/ Female","Blade",9,7,10,"OO-","Protection",-2,"HearProtct",3,"Wide Area",4,,,,
"Khezu Guards Z","13800z","Alluring Wing",2,"Pale Khezu Steak",1,"Lightning Sac",2,"Carbalite Ore",4,42,5,6,0,-1,1,"Male/ Female","Gunner",9,7,10,"OO-","Protection",-2,"HearProtct",2,"Wide Area",5,,,,
"Hermitaur Braces Z","13800z","Pur HermitaurClw",2,"Pur HermitaurShl",4,"BirdWyvnStoutBne",3,"Pure Crystal",1,84,0,-2,1,3,-4,"Male/ Female","Blade",9,7,10,"OOO","Guard",1,"Stamina",-3,"Survival",3,,,,
"Hermitaur Guards Z","13800z","Pur HermitaurClw",2,"Pur HermitaurShl",4,"BirdWyvnStoutBne",3,"Pure Crystal",1,42,1,-1,2,6,-2,"Male/ Female","Gunner",9,7,10,"OOO","Load",-3,"Recoil",1,"Survival",3,,,,
"Plesioth Vambraces Z","14250z","GrnPlsiothThkScl",1,"GrnPlsioth Fin G",3,"Coral Cphlos Scl",3,"Monster Broth+",1,86,-4,-4,0,4,2,"Male/ Female","Blade",9,7,10,"OO-","Hunger",2,"PsychicVis",5,"Stamina",1,"Technique",-1,,
"Plesioth Guards Z","14250z","GrnPlsiothThkScl",1,"GrnPlsioth Fin G",3,"Coral Cphlos Scl",3,"Monster Broth+",1,44,-2,-2,1,6,3,"Male/ Female","Gunner",9,7,10,"OO-","Hunger",3,"Stamina",3,"Technique",3,,,,
"Blango Vambraces Z","14750z","Brwn BlngngaPelt",2,"Brwn BlngngaTail",2,"WhtMnoblosThrcic",1,"Bullfango Pelt+",2,90,3,2,1,0,-3,"Male/ Female","Blade",9,8,10,"OO-","Faint",3,"Sharpness",1,"Attack",3,"Cold Res",-2,,
"Blango Guards Z","14750z","Brwn BlngngaPelt",2,"Brwn BlngngaTail",2,"WhtMnoblosThrcic",1,"Bullfango Pelt+",2,46,5,4,2,1,-2,"Male/ Female","Gunner",9,8,10,"OO-","Faint",3,"NormalS Up",1,"Cold Res",-2,"Speed Fire",3,,
"Ceanataur Braces Z","15100z","RedCeanataurShl",2,"CeanataurHvyLeg",3,"Ceanataur Pincer",3,"Black Pearl+",1,91,2,-1,0,1,0,"Male/ Female","Blade",9,8,10,"OOO","Sharpness",1,"Artisan",1,"Defence",-5,,,,
"Ceanataur Guards Z","15100z","RedCeanataurShl",2,"CeanataurHvyLeg",3,"Ceanataur Pincer",3,"Black Pearl+",1,46,4,0,2,2,1,"Male/ Female","Gunner",9,8,10,"OOO","Load",2,"PierceS Up",1,"Defence",-4,,,,
"Diablo Vambraces Z","16100z","Blk Blos Hvy Cpc",3,"RobustBlkBlosHrn",1,"Blos Fang",8,"Pure Crystal",2,94,3,1,0,-1,-2,"Male/ Female","Blade",9,9,10,"OO-","Sharpness",2,"Expert",3,"Protection",-2,"HearProtct",2,,
"Diablo Guards Z","16100z","Blk Blos Hvy Cpc",3,"RobustBlkBlosHrn",1,"Blos Fang",8,"Pure Crystal",2,48,5,4,0,2,-1,"Male/ Female","Gunner",9,9,10,"OO-","Expert",3,"Load",2,"Protection",-2,"HearProtct",2,,
"Gravios Vambraces Z","16100z","BlkGraviosHvyShl",2,"Blk Gravios Shl",2,"Coma Sac",3,"Gravios BrainStm",2,94,2,2,0,-2,1,"Male/ Female","Blade",9,9,10,"OO-","ElementAtk",2,"Defence",5,"Stamina",-2,,,,
"Gravios Guards Z","16100z","BlkGraviosHvyShl",2,"Blk Gravios Shl",2,"Coma Sac",3,"Gravios BrainStm",2,48,4,3,0,1,2,"Male/ Female","Gunner",9,9,10,"OO-","ElementAtk",3,"Defence",3,"Stamina",3,,,,
"Crystal Bracelet","11000z","Pure Crystal",1,"Vibrant Crown",2,"Etherlite Ore",3,,,30,0,0,0,0,0,"Male/ Female","Blade/ Gunner",10,7,10,"OOO",,,,,,,,,,
"True Golden Kote","23700z","Rajang Hard Horn",1,"ShiningRajangPlt",1,"BlkRajangThkPelt",2,"GldRathianThkScl",2,81,3,2,3,2,-2,"Male/ Female","Blade",10,9,10,"OO-","Sneak",-3,"Artisan",3,"Dragon Res",3,,,,
"TruePupptMastrGloves","23700z","BlkRajangThkPelt",5,"Rajang Tail",2,"DaoraDrgnThckScl",2,"Remobra Skin G",2,40,4,3,4,3,-1,"Male/ Female","Gunner",10,9,10,"OO-","Sneak",3,"NormalS Up",3,"Dragon Res",3,,,,
"Black Belt Braces X","19800z","Kirin Hide G",2,"Blackbelt Coin G",8,"Legendary Coin G",3,"Commendation S",1,82,1,1,1,1,1,"Male/ Female","Blade",10,9,10,"---","Torso Inc",,,,,,,,,
"Black Belt Guards X","19800z","Kirin Hide G",2,"Blackbelt Coin G",8,"Legendary Coin G",3,"Commendation S",1,42,3,3,3,3,3,"Male/ Female","Gunner",10,9,10,"---","Torso Inc",,,,,,,,,
"Obituary Mano X","13800z","PhantomButterfly",3,"Great Hornfly",2,"Lightning Sac",4,"Paralysis Sac",3,84,3,3,2,-5,-4,"Male","Blade",10,7,10,"OOO","Cold Res",-2,"Gathering",2,"Evade",3,,,,
"Obituary Brasso X","13800z","PhantomButterfly",3,"Great Hornfly",2,"Lightning Sac",4,"Paralysis Sac",3,42,4,5,2,-4,-3,"Male","Gunner",10,7,10,"OOO","Cold Res",-2,"Gathering",2,"Evade",3,,,,
"Butterfly Mano X","13800z","PhantomButterfly",3,"Great Hornfly",2,"Lightning Sac",4,"Paralysis Sac",3,84,3,3,2,-5,-4,"Female","Blade",10,7,10,"OOO","Cold Res",-2,"Gathering",2,"Evade",3,,,,
"Butterfly Brasso X","13800z","PhantomButterfly",3,"Great Hornfly",2,"Lightning Sac",4,"Paralysis Sac",3,42,4,5,2,-4,-3,"Female","Gunner",10,7,10,"OOO","Cold Res",-2,"Gathering",2,"Evade",3,,,,
"True Mizuha Sleeves","21000z","Chameleos Hide G",3,"Chameleos Horn G",2,"ElderDragonBlood",4,"Commendation S",1,92,-4,0,-1,3,4,"Male/ Female","Blade",10,9,10,"OO-","Sneak",3,"HearProtct",1,"Terrain",-2,"Daora Res",3,,
"TrueExtrvagantSleeves","21000z","Chameleos Hide G",3,"Chameleos Horn G",2,"Ancient DrgnBone",2,"Elder Dragon Jwl",1,46,-3,1,0,4,5,"Male/ Female","Gunner",10,9,10,"OO-","Sneak",1,"HearProtct",5,"Terrain",-2,"Daora Res",1,,
"Kushala Grip X","24000z","Daora Hvy Carpce",3,"DaoraDrgnThckScl",2,"Daora Sharp Claw",1,"Daora Jewel",1,94,0,-2,-3,2,4,"Male/ Female","Blade",10,9,10,"OO-","Poison",-2,"Sharpness",3,"Evade",2,"FireDrgRes",2,,
"Kushala Grasp X","24000z","Daora Hvy Carpce",3,"DaoraDrgnThckScl",2,"Daora Sharp Claw",1,"Daora Jewel",1,48,2,-2,-2,3,5,"Male/ Female","Gunner",10,9,10,"OO-","Poison",-2,"Load",2,"Recoil",3,"FireDrgRes",2,,
"Kirin Longarms X","24000z","Kirin Hide G",1,"Kirin Hide+",2,"Pur Gyp StrngWng",2,"Thunderbug Jelly",6,96,0,4,-1,2,0,"Male/ Female","Blade",10,9,10,"OO-","ElementAtk",4,"Protection",2,"All Resist",-2,"Stamina",1,,
"Kirin Gloves X","24000z","Kirin Hide G",1,"Kirin Hide+",2,"Pur Gyp StrngWng",2,"Thunderbug Jelly",6,48,1,6,0,4,1,"Male/ Female","Gunner",10,9,10,"OO-","ElementAtk",4,"Protection",2,"All Resist",-2,"Stamina",1,,
"Empress Vambraces X","27000z","Fire Drgn HvyScl",2,"Lunastra Carpace",3,"Lunastra Mane",3,"Fire Drgn Jwl",1,98,5,0,-2,-1,0,"Male/ Female","Blade",10,"9!","8!","OO-","Wide Area",2,"Recovery",3,"Everlastng",-2,"ChmleosRes",2,,
"Empress Guards X","27000z","Fire Drgn HvyScl",2,"Lunastra Carpace",3,"Lunastra Mane",3,"Fire Drgn Jwl",1,49,6,2,-1,1,0,"Male/ Female","Gunner",10,"9!","8!","OO-","Wide Area",2,"Recovery",3,"Everlastng",-2,"ChmleosRes",2,,
"True Indra Gloves","31500z","Gaoren Hvy Cpc",2,"GaorenStrngClaw",1,"DaoraDrgnThckScl",2,"PhantomButterfly",3,100,-2,2,-2,3,2,"Male/ Female","Blade",10,9,10,"OO-","Guard",3,"Cooking",-2,"Survival",4,,,,
"True SteadfastGuards","31500z","Gaoren Hvy Cpc",2,"GaorenStrngClaw",1,"DaoraDrgnThckScl",2,"PhantomButterfly",3,50,0,3,-1,5,3,"Male/ Female","Gunner",10,9,10,"OO-","Recoil",3,"Cooking",-2,"Survival",4,,,,
"Kaiser Vambraces X","31500z","Teostra Hvy Cpc",4,"FireDrgnStrngClw",3,"Firecell Stone",4,"Commendation S",1,100,5,0,-2,-1,0,"Male/ Female","Blade",10,9,10,"OO-","Expert",5,"Everlastng",-2,"ChmleosRes",2,,,,
"Kaiser Guards X","31500z","Teostra Hvy Cpc",4,"FireDrgnStrngClw",3,"Firecell Stone",4,"Commendation S",1,50,6,2,-1,1,0,"Male/ Female","Gunner",10,9,10,"OO-","Expert",5,"Everlastng",-2,"ChmleosRes",2,,,,
"TrueGuardnSprtBraces","31500z","Dragonwood G",2,"Yamatsukami Skin",3,"Pure Crystal",3,"Commendation S",1,100,2,3,-2,2,-2,"Male/ Female","Blade",10,9,10,"OO-","Paralysis",3,"Fencing",1,"Hunger",-2,"Cooking",3,,
"TrueCarnageVambraces","31500z","Dragonwood G",2,"Yamatsukami Skin",3,"Pure Crystal",3,"Commendation S",1,50,4,5,-1,3,-1,"Male/ Female","Gunner",10,9,10,"OO-","Hunger",-2,"Loading",1,"Cooking",3,"Para CtAdd",3,,
"Dragonclaw X","44444z","Fatalis Hvy Horn",2,"Fatalis Hvy Shl",1,"Fatalis Thck Scl",2,"RathianDvnePlate",1,100,0,2,-5,2,2,"Male/ Female","Blade",10,9,10,"OO-","Sharpness",1,"Dragon Res",-3,"Evade Inc",3,"Status Res",2,,
"Dragonfist X","44444z","Fatalis Hvy Horn",2,"Fatalis Hvy Shl",1,"Fatalis Thck Scl",2,"RathianDvnePlate",1,50,2,4,-2,4,3,"Male/ Female","Gunner",10,9,10,"OO-","PierceS Up",1,"Dragon Res",-3,"Evade Inc",3,"Status Res",2,,
"Ucamulbas Claw","31500z","Ucamulbas Shell",2,"Ucamulbas Fang",4,"Rajang StrngClaw",2,"Ucamu Divine Jwl",1,100,-4,-2,0,3,5,"Male/ Female","Blade",10,9,10,"OO-","Artisan",1,"Fencing",3,"Protection",-2,"Quake Res",3,,
"Ucamulbas Gauntlets","31500z","Ucamulbas Shell",2,"Ucamulbas Fang",4,"Rajang StrngClaw",2,"Ucamu Divine Jwl",1,50,-2,0,1,5,6,"Male/ Female","Gunner",10,9,10,"OO-","Load",6,"Protection",-2,"Loading",1,,,,
"Melahoa Branch Z","11700z","Emperor Locust",3,"Dosbiscus",5,"FlynMealPassPlus",2,"Thunderbug Jelly",6,78,0,1,0,1,0,"Male/ Female","Blade",10,7,10,"OO-","HiSpdGathr",2,"Whim",-2,"Evade Inc",2,"Set Trap",3,,
"Melahoa Petal Z","11700z","Emperor Locust",3,"Dosbiscus",5,"FlynMealPassPlus",2,"Thunderbug Jelly",6,38,0,1,0,2,0,"Male/ Female","Gunner",10,7,10,"OO-","HiSpdGathr",2,"Whim",-2,"Evade Inc",2,"Set Trap",3,,
"Makluva Sleeves Z","13300z","Etherlite Ore",5,"GrnPlsiothThkScl",3,"Springnight Carp",4,"Book of Combos 5",1,82,0,-2,0,2,0,"Male/ Female","Blade",10,7,10,"OOO","MixSucRate",2,"Everlastng",5,,,,,,
"Makluva Sucker Z","13300z","Etherlite Ore",5,"GrnPlsiothThkScl",3,"Springnight Carp",4,"Book of Combos 5",1,42,0,-1,0,3,0,"Male/ Female","Gunner",10,7,10,"OOO","MixSucRate",2,"Everlastng",5,,,,,,
"Rthan Heart Braces Z","21000z","PnkRathianHvyCpc",2,"PnkRathianThkScl",4,"Hvy Monster Bone",3,"Rathian Ruby",1,92,2,-2,-4,0,0,"Male/ Female","Blade",10,8,10,"OO-","Protection",2,"Wide Area",5,"Potential",-2,,,,
"Rthan Heart Guards Z","21000z","PnkRathianHvyCpc",2,"PnkRathianThkScl",4,"Hvy Monster Bone",3,"Rathian Ruby",1,46,4,0,-2,2,2,"Male/ Female","Gunner",10,8,10,"OO-","Protection",2,"Wide Area",5,"Potential",-2,,,,
"Rthlos Soul Braces Z","21500z","AzrRathlosHvyCpc",2,"AzrRathlosThkScl",3,"Hvy Monster Bone",3,"Etherlite Ore",3,94,2,2,-4,-1,0,"Male/ Female","Blade",10,8,10,"OOO","Health",-2,"Expert",2,"HearProtct",3,,,,
"Rthlos Soul Guards Z","21500z","AzrRathlosHvyCpc",2,"AzrRathlosThkScl",3,"Hvy Monster Bone",3,"Etherlite Ore",3,48,4,5,-2,2,1,"Male/ Female","Gunner",10,8,10,"OO-","Health",-3,"Expert",1,"HearProtct",1,"Technique",4,,
"Golden Moon Braces Z","24000z","GldRathianHvyCpc",3,"GldRathianThkScl",3,"Rathian Spike G",1,"RathianDvnePlate",1,96,2,-2,1,0,0,"Male/ Female","Blade",10,9,10,"OO-","Whim",-2,"Fate",4,"Trapper",3,,,,
"Golden Moon Guards Z","24000z","GldRathianHvyCpc",3,"GldRathianThkScl",3,"Rathian Spike G",1,"RathianDvnePlate",1,48,4,0,2,2,1,"Male/ Female","Gunner",10,9,10,"OO-","Whim",-2,"Fate",4,"Trapper",3,,,,
"Silver Sol Braces Z","24500z","SlvrRthlosHvyCpc",2,"SlvrRthlosThkScl",3,"RathlosDvnePlate",1,"Lg Wyvern Stone",2,98,2,-1,1,-1,0,"Male/ Female","Blade",10,9,10,"OO-","Fencing",3,"Attack",4,"Defence",-2,,,,
"Silver Sol Guards Z","24500z","SlvrRthlosHvyCpc",2,"SlvRthlosHrdTail",3,"RathlosDvnePlate",1,"Lg Wyvern Stone",2,50,4,1,2,2,1,"Male/ Female","Gunner",10,9,10,"OO-","PierceS Up",3,"Attack",4,"Defence",-2,,,,
"AurorosGauntletKyoku","35500z","Lao-Shan Hvy Cpc",4,"Azure LaoS Claw",1,"Naruga Marrow",1,"Commendation S",1,98,-2,0,-4,2,2,"Male","Blade",10,8,10,"OO-","Faint",-2,"Rec Speed",6,"Drawn Crit",1,,,,
"GenesisGauntletKyoku","35500z","Lao-Shan Hvy Cpc",4,"Azure LaoS Claw",1,"Naruga Marrow",1,"Commendation S",1,50,1,2,-2,3,3,"Male","Gunner",10,8,10,"OO-","Faint",-2,"Rec Speed",6,"PelletS Up",1,,,,
"BorealisGauntletKyoku","35500z","Lao-Shan Hvy Cpc",4,"Azure LaoS Claw",1,"Naruga Marrow",1,"Commendation S",1,98,-2,0,-4,2,2,"Female","Blade",10,8,10,"OO-","Faint",-2,"Rec Speed",6,"Drawn Crit",1,,,,
"Glyph Gauntlets Kyoku","35500z","Lao-Shan Hvy Cpc",4,"Azure LaoS Claw",1,"Naruga Marrow",1,"Commendation S",1,50,1,2,-2,3,3,"Female","Gunner",10,8,10,"OO-","Faint",-2,"Rec Speed",6,"PelletS Up",1,,,,
"Fatalis Claw Z","55555z","FataHvyCrmsnHrn",2,"FataHvyCrmsnShl",1,"FataHrdCrmsnWng",3,"GraviosDvnePlate",1,103,0,2,-5,2,2,"Male/ Female","Blade",10,9,10,"OO-","Rec Speed",-3,"Artisan",2,"Evade",2,"Rage",2,,
"Fatalis Fist Z","55555z","FataHvyCrmsnHrn",2,"FataHvyCrmsnShl",1,"FataHrdCrmsnWng",3,"GraviosDvnePlate",1,53,2,4,-2,4,3,"Male/ Female","Gunner",10,9,10,"OO-","Rec Speed",-3,"Evade",2,"Loading",2,"Rage",2,,
"Wht Fatalis Claw Z","66666z","WhtFatalisHvyHrn",2,"WhtFatalisHvyCpc",1,"Wht Fatalis Wng",3,"Elder Dragon Jwl",1,104,0,2,-5,2,2,"Male/ Female","Blade",10,9,10,"OO-","Fate",-3,"Technique",4,"SwdMastery",2,,,,
"Wht Fatalis Fist Z","66666z","WhtFatalisHvyHrn",2,"WhtFatalisHvyCpc",1,"Wht Fatalis Wng",3,"Elder Dragon Jwl",1,54,2,4,-2,4,3,"Male/ Female","Gunner",10,9,10,"OOO","Fate",-3,"Technique",2,"Marksman",2,,,,
