"Name","Price","Material 1","Amount","Material 2","Amount","Material 3","Amount","Material 4","Amount","Defense","Fire Res","Thunder Res","Dragon Res","Water Res","Ice Res","Gender","Hunter Type","Rarity","HR","Elder*","Slots","Skill 1","Skill Point","Skill 2","Skill Point","Skill 3","Skill Point","Skill 4","Skill Point","Skill 5","Skill Point"
,,,,,,,,,,,,,,,,,,,,,,,,,,,,,,,
"Mafumofu Boots","50z","Anteka Pelt",1,,,,,,,1,0,0,0,0,3,"Male/Female","Blade/Gunner",1,"1","1","O--","Protection",2,"Ice Res",1,"Heat Res",-2,"Cold Res",4,,
"Green Pants","150z","Anteka Pelt",1,"Sm Monster Bone",1,,,,,2,2,0,0,0,0,"Male/Female","Blade/Gunner",1,"1","1","O--","Throw",2,"Backpackng",2,"Gathering",3,"Alchemy",2,,
"Blue Pants","300z","Iron Ore",2,"Anteka Pelt",3,,,,,4,2,-2,0,2,1,"Male/Female","Blade/Gunner",1,"1","1","O--","Paralysis",-1,"Health",3,"Hunger",2,"Map",1,"Whim",2
"Hunter Greaves","450z","Iron Ore",3,"Bullfango Pelt",1,"Earth Crystal",1,,,8,0,-4,0,0,0,"Male/Female","Blade",1,"1","1","O--","Faint",-1,"PsychicVis",3,"Carving",2,"BBQ",3,,
"Hunter Leggings","450z","Iron Ore",3,"Bullfango Pelt",1,"Earth Crystal",1,,,6,2,-2,0,2,2,"Male/Female","Gunner",1,"1","1","O--","Faint",-1,"NormalS Up",3,"PsychicVis",3,"Carving",2,,
"Bone Greaves","650z","Brute Bone",4,"Anteka Pelt",1,"Giaprey Hide",1,,,14,2,-2,-2,2,-2,"Male/Female","Blade",2,"1","1","O--","Gluttony",3,"Anti-Theft",2,"Map",-1,"PsychicVis",1,"Horn",2
"Bone Leggings","650z","Brute Bone",4,"Anteka Pelt",1,"Giaprey Hide",1,,,8,5,0,0,5,-1,"Male/Female","Gunner",2,"1","1","O--","Gluttony",3,"Anti-Theft",2,"Map",-1,"PsychicVis",1,"Horn",2
"Giaprey Greaves","750z","Giaprey Scale",2,"Disk Stone",3,"Giaprey Hide",4,,,16,0,1,-1,1,3,"Male/Female","Blade",2,"1","1","O--","Snow Res",3,"Guard",2,"Fire Res",-2,"Quake Res",2,,
"Giaprey Leggings","750z","Giaprey Scale",2,"Disk Stone",3,"Giaprey Hide",4,,,8,1,3,0,3,4,"Male/Female","Gunner",2,"1","1","O--","Snow Res",3,"PelletS Up",2,"Fire Res",-2,"PsychicVis",2,,
"Battle Greaves","750z","Kelbi Hide",1,"Bullfango Pelt",2,"Earth Crystal",3,"Whetstone",5,16,2,-2,0,-2,-1,"Male/Female","Blade",2,"1","1","O--","Health",2,"SwdShrpner",2,"Hunger",-1,"Attack",2,"PsychicVis",2
"Battle Leggings","750z","Kelbi Hide",1,"Bullfango Pelt",2,"Huskberry",20,"Sm Bone Husk",5,10,4,0,2,0,0,"Male/Female","Gunner",2,"1","1","O--","Load",2,"Hunger",-1,"Attack",2,"PsychicVis",2,"Precision",2
"Silver Metal Boots","1900z",,,,,,,,,18,0,-2,0,2,0,"Male/Female","Blade/Gunner",2,"10","4","OO-","Stamina",-2,"Gunnery",5,,,,,,
"Dark Metal Boots","2300z",,,,,,,,,20,0,2,0,-2,0,"Male/Female","Blade/Gunner",2,"10","4","OO-","Sneak",2,"PsychicVis",5,,,,,,
"Velociprey Greaves","1150z","Velocidrome Hide",1,"Velociprey Scale",3,"Velociprey Scale",1,,,20,1,1,-1,1,0,"Male/Female","Blade",2,"1","2","O--","Paralysis",-2,"Faint",3,"SwdShrpner",2,"MixSucRate",2,,
"Velociprey Leggings","1150z","Velocidrome Hide",1,"Velociprey Scale",3,"Velociprey Scale",1,,,10,3,3,0,3,1,"Male/Female","Gunner",2,"1","2","O--","Paralysis",-2,"Faint",3,"PelletSAdd",2,"Shot Mix",2,,
"Vespoid Greaves","1150z","Vespoid Wing",2,"Disk Stone",3,"Monster Fluid",1,,,20,-6,2,2,-5,-4,"Male/Female","Blade",3,"1","1","O--","Paralysis",2,"Poison",-1,"Backpackng",4,"Everlastng",2,,
"Vespoid Leggings","1150z","Vespoid Shell",2,"Disk Stone",3,"Monster Fluid",1,,,10,-5,5,2,-4,-3,"Male/Female","Gunner",3,"1","1","O--","Paralysis",2,"Poison",-1,"Backpackng",4,"Everlastng",2,,
"Hi-Metal Greaves","1150z","Machalite Ore",3,"Iron Ore",3,"Velociprey Hide",3,,,20,-2,3,0,-2,-1,"Male/Female","Blade",3,"1","1","O--","Health",3,"Whim",1,"Stamina",-2,"Gunnery",3,,
"Hi-Metal Leggings","1150z","Machalite Ore",3,"Iron Ore",3,"Velociprey Hide",3,,,10,0,5,0,0,0,"Male/Female","Gunner",3,"1","1","O--","Health",3,"CragS Add",1,"Stamina",-2,"Gunnery",3,,
"Hornet Greaves","1350z","Hornetaur Wing",3,"Hornetaur Shell",3,"Earth Crystal",4,"Killer Beetle",1,22,-6,-5,2,-1,-5,"Male/Female","Blade",3,"1","2","OO-","Protection",-2,"HearProtct",2,"Dragon Res",2,"Gathering",1,,
"Hornet Leggings","1350z","Hornetaur Wing",3,"Hornetaur Shell",3,"Earth Crystal",4,"Killer Beetle",1,11,-5,-3,3,2,-4,"Male/Female","Gunner",3,"1","2","O--","Protection",-2,"HearProtct",3,"Dragon Res",2,"Gathering",2,,
"Genprey Greaves","1350z","Gendrome Hide",1,"Genprey Scale",4,"Iron Ore",3,"Disk Stone",2,22,2,3,-1,-2,-2,"Male/Female","Blade",3,"1","2","---","Torso Inc",,,,,,,,,
"Genprey Leggings","1350z","Gendrome Hide",1,"Genprey Scale",4,"Iron Ore",3,"Disk Stone",2,11,4,5,0,0,0,"Male/Female","Gunner",3,"1","2","---","Torso Inc",,,,,,,,,
"Chrome Metal Boots","3630z",,,,,,,,,24,2,0,0,-2,0,"Male/Female","Blade/Gunner",3,"10","6","---","Torso Inc",,,,,,,,,
"Ioprey Greaves","1650z","Ioprey Hide",2,"Ioprey Scale",3,"Earth Crystal",3,"Iron Ore",3,24,3,-2,-1,2,1,"Male/Female","Blade",3,"1","3","O--","Faint",-1,"Poison",3,"Health",4,"Fatigue",1,,
"Ioprey Leggings","1650z","Ioprey Hide",2,"Ioprey Scale",3,"Earth Crystal",3,"Iron Ore",3,12,4,0,0,3,2,"Male/Female","Gunner",3,"1","3","O--","Faint",-1,"Poison",3,"PelletSAdd",4,"Fatigue",1,,
"Kut-Ku Greaves","1650z","Kut-Ku Ear",2,"Kut-Ku Shell",2,"Kut-Ku Webbing",2,"Giaprey Hide",2,24,2,0,-1,-2,-2,"Male/Female","Blade",3,"1","2","O--","Health",2,"Attack",3,"Defence",-1,"Fire Res",2,"Water Res",-1
"Kut-Ku Leggings","1650z","Kut-Ku Ear",2,"Kut-Ku Shell",2,"Kut-Ku Webbing",2,"Giaprey Hide",2,12,5,3,0,1,-1,"Male/Female","Gunner",3,"1","2","O--","Health",2,"Attack",3,"Defence",-1,"Fire Res",2,"Water Res",-1
"Cephalos Greaves","2350z","Cephalos Scale",4,"Piscine Fang",3,"Iron Ore",4,"Carpenterbug",3,28,-3,-4,0,2,2,"Male/Female","Blade",3,"1","2","OO-","Hunger",1,"Heat Res",4,"Cold Res",-2,,,,
"Cephalos Leggings","2350z","Cephalos Scale",4,"Piscine Fang",3,"Iron Ore",4,"Carpenterbug",3,16,-1,-2,1,5,3,"Male/Female","Gunner",3,"1","2","O--","Hunger",3,"Heat Res",4,"Cold Res",-2,,,,
"Conga Greaves","2350z","Conga Pelt",4,"Bulldrome Hide",2,"Giant Bone",1,"Machalite Ore",2,28,-3,2,0,2,-1,"Male/Female","Blade",3,"1","2","O--","Antiseptic",2,"BombStrUp",2,"Hunger",-2,"Gluttony",3,,
"Conga Leggings","2350z","Conga Pelt",4,"Bulldrome Hide",2,"Giant Bone",1,"Machalite Ore",2,16,-1,4,1,4,0,"Male/Female","Gunner",3,"1","2","O--","Antiseptic",2,"NormalS Up",2,"Hunger",-2,"Gluttony",3,,
"Gypceros Greaves","2850z","Dragonite Ore",2,"Antiseptic Stone",2,"Genprey Hide",3,"Rubbery Hide",3,30,-4,4,0,1,1,"Male/Female","Blade",3,"1","3","O--","Poison",3,"Hunger",-2,"ThunderRes",2,"Stamina",2,,
"Gypceros Leggings","2850z","Dragonite Ore",2,"Antiseptic Stone",2,"Genprey Hide",3,"Rubbery Hide",3,16,-1,6,0,4,3,"Male/Female","Gunner",3,"1","3","O--","Poison",3,"Hunger",-2,"ThunderRes",2,"Stamina",2,,
"Khezu Greaves","3350z","Flabby Hide",2,"Machalite Ore",2,"Bullfango Pelt",3,,,32,-3,4,0,3,1,"Male/Female","Blade",3,"1","3","O--","Faint",-2,"Rec Speed",3,"Wide Area",2,"Horn",2,,
"Khezu Leggings","3350z","Flabby Hide",2,"Machalite Ore",2,"Bullfango Pelt",3,,,16,-1,6,0,5,2,"Male/Female","Gunner",3,"1","3","O--","Faint",-2,"Rec Speed",3,"Wide Area",2,"Shot Mix",2,,
"Hermitaur Greaves","3350z","Hermitaur Claw",1,"Sm Hermitaur Shl",4,"Bulldrome Hide",2,"Machalite Ore",2,32,-3,-4,1,3,0,"Male/Female","Blade",3,"1","3","O--","Guard",1,"Throw",2,"Defence",3,"ThunderRes",-3,,
"Hermitaur Leggings","3350z","Hermitaur Claw",1,"Sm Hermitaur Shl",4,"Bulldrome Hide",2,"Machalite Ore",2,16,-1,-2,2,5,1,"Male/Female","Gunner",3,"1","3","O--","Guard Up",1,"Throw",2,"Defence",3,"ThunderRes",-3,,
"Plesioth Greaves","4150z","Plesioth Fin",1,"Machalite Ore",2,"Cephalos Scale",3,"Plesioth Scale",3,34,-4,-4,0,4,2,"Male/Female","Blade",3,"1","3","O--","Paralysis",-2,"Heat Res",2,"Cold Res",2,"Stamina",3,,
"Plesioth Leggings","4150z","Plesioth Fin",1,"Machalite Ore",2,"Cephalos Scale",3,"Plesioth Scale",3,17,-2,-2,1,6,3,"Male/Female","Gunner",3,"1","3","O--","Paralysis",-2,"Heat Res",2,"Cold Res",2,"Stamina",3,,
"Lobster Greaves","4150z","Sm Lobstershell",1,"Plesioth Fin",1,"Carpenterbug",3,"Disk Stone",6,34,-2,-6,-2,6,2,"Male/Female","Blade",3,"1","3","O--","Guard",-2,"Water Res",1,"Fishing",3,"Evade",3,,
"Lobster Leggings","4150z","Sm Lobstershell",1,"Plesioth Fin",1,"Carpenterbug",3,"Disk Stone",6,17,0,-5,0,5,3,"Male/Female","Gunner",3,"1","3","O--","Water Res",1,"Fishing",3,"Evade",3,"Precision",-2,,
"Kut-Ku Greaves D","1650z","Kut-Ku Ear",2,"Blue Kut-Ku Shl",2,"Kut-Ku Webbing",2,"Giaprey Hide",2,22,2,0,-1,-2,-2,"Male/Female","Blade",3,"1","3","OO-","Health",-1,"Rec Speed",-1,"Expert",2,"ElementAtk",1,"Attack",2
"Kut-Ku Leggings D","1650z","Kut-Ku Ear",2,"Blue Kut-Ku Shl",2,"Kut-Ku Webbing",2,"Giaprey Hide",2,10,5,3,0,1,-1,"Male/Female","Gunner",3,"1","3","OO-","Health",-1,"Rec Speed",-1,"Expert",2,"ElementAtk",1,"Attack",2
"Gypceros Greaves D","2850z","Pur Rubbery Hide",3,"Antiseptic Stone",2,"Genprey Hide",3,"Hercudrome",2,28,-4,4,0,1,1,"Male/Female","Blade",3,"2","3","OO-","Faint",3,"Wide Area",2,"WindPress",1,"Fate",-1,,
"Gypceros Leggings D","2850z","Pur Rubbery Hide",3,"Antiseptic Stone",2,"Genprey Hide",3,"Hercudrome",2,14,-1,6,0,4,3,"Male/Female","Gunner",3,"2","3","OO-","Faint",3,"Wide Area",2,"WindPress",1,"Fate",-1,,
"Khezu Greaves D","3350z","Alluring Hide",2,"Machalite Ore",2,"Bullfango Pelt",3,,,30,3,4,0,-3,0,"Male/Female","Blade",3,"2","4","OO-","SwdShrpner",-2,"Wide Area",3,"Recovery",2,,,,
"Khezu Leggings D","3350z","Alluring Hide",2,"Machalite Ore",2,"Bullfango Pelt",3,,,14,5,6,0,-1,1,"Male/Female","Gunner",3,"2","4","OO-","Wide Area",3,"Recovery",2,"MixSucRate",-2,,,,
"Plesioth Greaves D","4150z","Grn Plesioth Scl",3,"Monster Fluid",1,"Earth Crystal",4,"Grn Plesioth Fin",1,32,-4,-4,0,4,2,"Male/Female","Blade",3,"2","3","OO-","Poison",-2,"Hunger",2,"Fishing",1,"Everlastng",2,,
"Plesioth Leggings D","4150z","Grn Plesioth Scl",3,"Monster Fluid",1,"Earth Crystal",4,"Grn Plesioth Fin",1,15,-2,-2,1,6,3,"Male/Female","Gunner",3,"2","3","OO-","Poison",-2,"Hunger",2,"Fishing",1,"Everlastng",2,,
"Basarios Greaves","3350z","Basarios Shell",3,"Machalite Ore",5,"Poison Sac",3,"Genprey Hide",5,32,0,2,-2,2,1,"Male/Female","Blade",4,"2","4","OO-","Sleep",2,"Faint",-1,"Defence",1,"Whim",1,"Terrain",2
"Basarios Leggings","3350z","Basarios Shell",3,"Machalite Ore",5,"Poison Sac",3,"Genprey Hide",5,16,2,4,0,4,2,"Male/Female","Gunner",4,"2","4","O--","Sleep",2,"Faint",-1,"Defence",2,"Whim",2,"Terrain",2
"Monoblos Greaves","3350z","Monoblos Spine",2,"Blood Red Horn",1,"Monoblos Shell",3,"Machalite Ore",4,36,2,-2,-1,-1,-1,"Male/Female","Blade",4,"10","4!","O--","Health",3,"Attack",2,"Protection",-2,"Potential",2,,
"Monoblos Leggings","4900z","Monoblos Spine",2,"Blood Red Horn",1,"Monoblos Shell",3,"Machalite Ore",4,18,4,0,0,2,0,"Male/Female","Gunner",4,"10","4!","O--","Health",3,"Attack",2,"Protection",-2,"Potential",2,,
"Garuga Greaves","4900z","Garuga Scale",5,"Garuga Shell",4,"Carpenterbug",4,"Gendrome Hide",2,36,2,2,0,0,0,"Male/Female","Blade",4,"10","4!","O--","Sharpness",2,"Expert",2,"HearProtct",2,"Gathering",-2,,
"Garuga Leggings","4900z","Garuga Scale",5,"Garuga Shell",4,"Carpenterbug",4,"Gendrome Hide",2,18,3,3,0,2,1,"Male/Female","Gunner",4,"10","4!","O--","Expert",2,"PierceSAdd",3,"HearProtct",2,"Gathering",-2,,
"Blango Greaves","4900z","Blangonga Whiskr",1,"Sharp Claw",5,"Brute Bone",4,"Anteka Pelt",2,36,-4,0,1,2,3,"Male/Female","Blade",4,"2","4","OO-","Snow Res",2,"Cold Res",1,"Terrain",-2,"Quake Res",2,,
"Blango Leggings","4900z","Blangonga Whiskr",1,"Sharp Claw",5,"Brute Bone",4,"Anteka Pelt",2,18,-3,1,2,4,5,"Male/Female","Gunner",4,"2","4","O--","Snow Res",2,"Cold Res",3,"Terrain",-2,"Quake Res",2,,
"Ceanataur Greaves","5200z","Ceanataur Leg",2,"Ceanataur Shell",3,"Machalite Ore",3,"Killer Beetle",1,37,1,-1,0,2,-1,"Male/Female","Blade",4,"1","4","OO-","Sharpness",2,"Artisan",1,"SwdShrpner",2,"Defence",-2,,
"Ceanataur Leggings","5200z","Ceanataur Leg",2,"Ceanataur Shell",3,"Machalite Ore",3,"Killer Beetle",1,18,2,0,2,4,0,"Male/Female","Gunner",4,"1","4","O--","PierceS Up",3,"PierceSAdd",1,"Defence",-3,"Precision",2,,
"Rathian Greaves","5350z","Monster Bone+",1,"Rathian Shell",3,"Rathian Scale",2,"Machalite Ore",2,38,2,-2,-4,0,0,"Male/Female","Blade",4,"1","6","OO-","Faint",-1,"Poison",2,"Health",3,"PsychicVis",1,,
"Rathian Leggings","5350z","Monster Bone+",1,"Rathian Shell",3,"Rathian Scale",2,"Machalite Ore",2,18,4,0,-2,2,2,"Male/Female","Gunner",4,"1","6","O--","Faint",-1,"Poison",2,"Health",3,"PsychicVis",3,,
"Tigrex Greaves","5800z","Tigrex Scale",3,"Tigrex Fang",3,"Tigrex Shell",2,"Dragonite Ore",2,40,3,-2,-1,2,3,"Male/Female","Blade",4,"3","5","O--","Protection",-2,"HearProtct",2,"PsychicVis",3,"Cooking",2,,
"Tigrex Leggings","5800z","Tigrex Scale",3,"Tigrex Fang",3,"Tigrex Shell",2,"Dragonite Ore",2,20,4,-1,0,3,4,"Male/Female","Gunner",4,"3","5","O--","Protection",-2,"HearProtct",2,"PsychicVis",3,"Cooking",2,,
"Rathalos Greaves","5800z","Rathalos Shell",3,"Rathalos Scale",2,"FireWyvern Claw",2,"Machalite Ore",2,40,2,2,-4,-1,-3,"Male/Female","Blade",4,"1","6","O--","Paralysis",-2,"Rec Speed",1,"Attack",4,"PsychicVis",2,,
"Rathalos Leggings","5800z","Rathalos Shell",3,"Rathalos Scale",2,"FireWyvern Claw",2,"Machalite Ore",2,20,4,5,-2,0,-1,"Male/Female","Gunner",4,"1","6","O--","Paralysis",-2,"Rec Speed",1,"Attack",4,"PsychicVis",2,,
"Diablo Greaves","5800z","Diablos Shell",3,"Diablos Spine",2,"Machalite Ore",4,"Dragonite Ore",3,40,3,1,0,-1,-2,"Male/Female","Blade",4,"3","5","O--","Health",-2,"Expert",4,"WindPress",2,"Fate",-1,,
"Diablo Leggings","5800z","Diablos Shell",3,"Diablos Spine",2,"Machalite Ore",4,"Dragonite Ore",3,20,5,4,0,2,-1,"Male/Female","Gunner",4,"3","5","O--","Health",-2,"Expert",4,"WindPress",2,"Fate",-1,,
"Gravios Greaves","5800z","Gravios Shell",5,"Flame Sac",3,"Monster Bone+",2,"Iodrome Hide",2,40,2,2,-2,-2,0,"Male/Female","Blade",4,"3","5","OO-","Sleep",2,"Guard",2,"Defence",1,"Stamina",-2,,
"Gravios Leggings","5800z","Gravios Shell",5,"Flame Sac",3,"Monster Bone+",2,"Iodrome Hide",2,20,4,3,0,1,1,"Male/Female","Gunner",4,"3","5","OO-","Sleep",3,"ClustS Add",2,"Stamina",-2,,,,
"Diablo Greaves D","5800z","Black Blos Shell",3,"Black Blos Spine",2,"Machalite Ore",4,"Dragonite Ore",3,38,3,1,0,-1,-2,"Male/Female","Blade",4,"3","5","OO-","Sharpness",2,"Defence",-1,"WindPress",3,"Fate",-1,,
"Diablo Leggings D","5800z","Black Blos Shell",3,"Black Blos Spine",2,"Machalite Ore",4,"Dragonite Ore",3,18,5,4,0,2,-1,"Male/Female","Gunner",4,"3","5","OO-","Load",2,"Hunger",-1,"WindPress",3,"Fate",-1,,
"Gravios Greaves D","5800z","Blk Gravios Shl",5,"Flame Sac",3,"Monster Bone+",2,"Rubbery Hide",2,38,2,2,0,-2,1,"Male/Female","Blade",4,"3","5","OO-","Guard Up",2,"Hunger",-2,"Defence",3,,,,
"Gravios Leggings D","5800z","Blk Gravios Shl",5,"Flame Sac",3,"Monster Bone+",2,"Rubbery Hide",2,18,4,3,0,1,2,"Male/Female","Gunner",4,"3","5","OO-","Guard Up",2,"Hunger",-2,"Defence",3,,,,
"Mosswine Feet","100z","Mosswine Hide",2,"Bullfango Pelt",1,"Bulldrome Hide",1,"Carpenterbug",1,3,0,0,0,0,0,"Male/Female","Blade/Gunner",5,"1","2","O--","Health",2,"Hunger",-3,"Gluttony",2,"Cooking",2,,
"Giaprey Feet","700z","Giadrome Hide",2,"Giadrome Claw",2,"Giaprey Scale",3,"Kut-Ku Coin",1,16,0,2,-2,2,3,"Male/Female","Blade/Gunner",5,"1","2","OO-","Fire Res",-2,"Ice Res",2,"Fate",3,,,,
"Velociprey Feet","900z","Velocidrome Hide",2,"Velocidrome Claw",2,"Velociprey Scale",3,"Congalala Coin",1,18,1,1,1,1,1,"Male/Female","Blade/Gunner",5,"1","2","OO-","Water Res",2,"ThunderRes",-2,"Fate",3,,,,
"Famitsu Cloth Wrap","1150z","Famitsu Ticket",5,"Commendation",1,"ShakalakaTreasre",2,"Blackbelt Ticket",6,20,2,2,2,2,2,"Male","Blade/Gunner",5,"6","5","---","Sleep",6,"Protection",5,,,,,,
"Famitsu Pants","1150z","Famitsu Ticket",5,"Commendation",1,"ShakalakaTreasre",2,"Blackbelt Ticket",6,20,2,2,2,2,2,"Female","Blade/Gunner",5,"6","5","---","Sleep",6,"Protection",5,,,,,,
"Genprey Feet","1150z","Gendrome Hide",2,"Genprey Fang",4,"Genprey Scale",3,"Khezu Coin",1,20,1,2,1,1,1,"Male/Female","Blade/Gunner",5,"1","3","OO-","Ice Res",-2,"ThunderRes",2,"Fate",3,,,,
"Black Belt Greaves","3300z","Khezu Coin",8,"Blackbelt Ticket",8,"Killer Beetle",2,"Congalala Coin",10,20,2,2,2,2,2,"Male/Female","Blade/Gunner",5,"1","3","OO-","Artisan",2,"Gluttony",1,"Map",-2,"Loading",2,,
"Shinobi Boots (Sun)","9800z","Gaoren Spine",1,"Blackbelt Ticket",3,"Pokke Ticket",1,"Pnk Rathian Scl",5,20,2,4,2,-6,-3,"Male/Female","Blade/Gunner",5,"3","6","O--","Throw",2,"ElementAtk",2,"Cold Res",-2,"Evade",3,,
"Shinobi Boots (Moon)","9800z","Gaoren Spine",1,"Blackbelt Ticket",3,"Pokke Ticket",1,"Pnk Rathian Scl",5,20,2,4,2,-6,-3,"Male/Female","Blade/Gunner",5,"3","6","OO-","Sneak",2,"Hunger",2,"Heat Res",-2,"PsychicVis",1,,
"Guild Knight Boots","9800z","Commendation",1,"Great Ladybug",4,"FlynMealPassReg",1,"Kut-Ku Coin",3,20,0,0,0,0,0,"Male","Blade/Gunner",5,"3","4","O--","Whim",3,"Fate",2,"PsychicVis",2,"BBQ",-2,,
"Guild Knight Tights","9800z","Commendation",1,"Great Ladybug",4,"FlynMealPassReg",1,"Congalala Coin",3,20,0,0,0,0,0,"Male","Blade/Gunner",5,"3","4","O--","PelletS Up",2,"Fate",-2,"Precision",2,"Carving",3,,
"Guardian Boots","9800z","Lightcrystal",2,"Great Ladybug",4,"Blackbelt Ticket",2,"Gravios Coin",3,20,0,0,0,0,0,"Male","Blade/Gunner",5,"3","5","OO-","Protection",2,"Gathering",-1,"Fate",1,"Gunnery",3,,
"Guardian Pants","9800z","Lightcrystal",2,"Great Ladybug",4,"Blackbelt Ticket",2,"Tigrex Coin",3,20,0,0,0,0,0,"Male","Blade/Gunner",5,"3","5","O--","Protection",2,"Wide Area",3,"Gathering",-2,"Fate",2,,
"Maiden's Stockings","9800z","Commendation",1,"Great Ladybug",4,"FlynMealPassReg",1,"Kut-Ku Coin",3,20,0,0,0,0,0,"Female","Blade/Gunner",5,"3","4","O--","Whim",3,"Fate",2,"PsychicVis",2,"BBQ",-2,,
"Personal Tights","9800z","Commendation",1,"Great Ladybug",4,"FlynMealPassReg",1,"Congalala Coin",3,20,0,0,0,0,0,"Female","Blade/Gunner",5,"3","4","O--","PelletS Up",2,"Fate",-2,"Precision",2,"Carving",3,,
"Helper Socks","9800z","Lightcrystal",2,"Great Ladybug",4,"Blackbelt Ticket",2,"Gravios Coin",3,20,0,0,0,0,0,"Female","Blade/Gunner",5,"3","5","OO-","Protection",2,"Gathering",-1,"Fate",1,"Gunnery",3,,
"Healer Socks","9800z","Lightcrystal",2,"Great Ladybug",4,"Blackbelt Ticket",2,"Tigrex Coin",3,20,0,0,0,0,0,"Female","Blade/Gunner",5,"3","5","O--","Protection",2,"Wide Area",3,"Gathering",-2,"Fate",2,,
"Ioprey Feet","1350z","Iodrome Hide",2,"Ioprey Fang",4,"Ioprey Scale",3,"Daimyo Coin",1,22,2,1,1,1,1,"Male/Female","Blade/Gunner",5,"1","3","OO-","Fire Res",2,"Water Res",-2,"Fate",3,,,,
"Remobra Feet","1650z","Striped Skin",5,"FireWyvern Fluid",2,"Killer Beetle",2,"Machalite Ore",3,24,0,-1,-1,-1,-1,"Male/Female","Blade/Gunner",5,"1","2","---","Poison",2,"Artisan",2,"PierceS Up",2,"All Resist",-2,"Stamina",3
"Melahoa Roots","1150z","Dosbiscus",2,"Carpenterbug",3,"Antidote Herb",3,"Immunizer",2,20,0,1,0,1,0,"Male/Female","Blade",5,"1","1","O--","Hunger",-1,"Gathering",3,"HiSpdGathr",2,"Recovery",2,"Stamina",1
"Melahoa Taproot","1150z","Dosbiscus",2,"Carpenterbug",3,"Antidote Herb",3,"Immunizer",2,10,0,1,0,2,0,"Male/Female","Gunner",5,"1","1","O--","Hunger",-1,"Gathering",3,"HiSpdGathr",2,"Recovery",2,"Stamina",1
"Makluva Pants","2350z","Cephalos Fin",3,"Springnight Carp",2,"Glutton Tuna",2,"Book of Combos 1",1,28,0,-2,0,2,0,"Male/Female","Blade",5,"1","2","O--","Spc Attack",2,"Fishing",2,"MixSucRate",3,"Alchemy",2,,
"Makluva Leggings","2350z","Cephalos Fin",3,"Springnight Carp",2,"Glutton Tuna",2,"Book of Combos 1",1,16,0,-1,0,3,0,"Male/Female","Gunner",5,"1","2","O--","Spc Attack",2,"Fishing",2,"MixSucRate",3,"Alchemy",2,,
"Hypnoc Greaves","3350z","Hypnoc Ticket",1,"Hypnoc Feather+",3,"Hypnoc StrngClaw",2,"Bullfango Pelt",4,32,-2,0,1,2,1,"Male/Female","Blade",5,"7!","10","O--","Sleep",2,"Sneak",-2,"Trapper",3,"Observance",2,,
"Hypnoc Leggings","3350z","Hypnoc Ticket",1,"Hypnoc Feather+",3,"Hypnoc StrngClaw",2,"Bullfango Pelt",4,16,0,2,2,4,3,"Male/Female","Gunner",5,"7!","10","O--","Sneak",-2,"SleepCtAdd",2,"Trapper",3,"Observance",2,,
"Obituary Gamba","3350z","Great Hornfly",1,"Hercudrome",1,"Monster Fluid",3,"FireWyvern Fluid",4,32,3,3,2,-5,-4,"Male","Blade",2,"1","6","O--","Spc Attack",2,"Backpackng",2,"Cold Res",-2,"Evade",3,,
"Obituary Femur","3350z","Great Hornfly",1,"Hercudrome",1,"Monster Fluid",3,"FireWyvern Fluid",4,16,4,5,2,-4,-3,"Male","Gunner",2,"1","6","O--","Spc Attack",2,"Backpackng",2,"Cold Res",-2,"Evade",3,,
"Butterfly Gamba","3350z","Great Hornfly",1,"Hercudrome",1,"Monster Fluid",3,"FireWyvern Fluid",4,32,3,3,2,-5,-4,"Female","Blade",2,"1","6","O--","Spc Attack",2,"Backpackng",2,"Cold Res",-2,"Evade",3,,
"Butterfly Femur","3350z","Great Hornfly",1,"Hercudrome",1,"Monster Fluid",3,"FireWyvern Fluid",4,16,4,5,2,-4,-3,"Female","Gunner",2,"1","6","O--","Spc Attack",2,"Backpackng",2,"Cold Res",-2,"Evade",3,,
"Black Feet","11111z","Dark Stone",1,"Dark Piece",2,"Ancient Potion",1,"Black Pearl",1,36,0,2,-5,2,2,"Male/Female","Blade",5,10,"5!","OO-",,,,,,,,,,
"Black Legs","11111z","Dark Stone",1,"Dark Piece",2,"Ancient Potion",1,"Black Pearl",1,18,2,4,-2,4,3,"Male/Female","Gunner",5,10,"5!","OO-",,,,,,,,,,
"Death Stench Heel","5800z","Sinister Cloth",2,"Striped Skin",3,"Lg Monster Bone",4,"Elder Drgn Bone",2,40,2,1,0,1,-1,"Male/Female","Blade",5,"3","4","O--","Sneak",2,"Health",-5,"Fencing",2,,,,
"Death Stench March","5800z","Sinister Cloth",2,"Striped Skin",3,"Lg Monster Bone",4,"Elder Drgn Bone",2,20,3,2,1,2,0,"Male/Female","Gunner",5,"3","4","O--","Health",-5,"CragS Add",2,"Speed Fire",2,,,,
"Volganos Greaves","5800z","Lava Ticket",1,"Volganos Thk Scl",3,"Volganos Hvy Cpc",2,"Machalite Ore",10,40,4,0,1,-3,0,"Male/Female","Blade",5,"7!","10","O--","Faint",-2,"Rec Speed",2,"Guard",2,"Terrain",3,,
"Volganos Leggings","5800z","Lava Ticket",1,"Volganos Thk Scl",3,"Volganos Hvy Cpc",2,"Machalite Ore",10,20,5,2,2,-1,2,"Male/Female","Gunner",5,"7!","10","O--","Faint",-2,"Guard",2,"Recoil",2,"Terrain",3,,
"Mizuha Leg Wrap","9000z","Chameleos Hide",2,"ChameleosWebbing",1,"Flabby Hide",2,"Black Pearl",5,40,-4,0,-1,3,4,"Male/Female","Blade",5,"3","5","O--","HearProtct",2,"WindPress",4,"Terrain",-3,,,,
"Extravagant Trousers","9000z","Chameleos Hide",2,"ChameleosWebbing",1,"Alluring Hide",2,"Black Pearl",5,20,-3,1,0,4,5,"Male/Female","Gunner",5,"3","5","O--","HearProtct",2,"WindPress",4,"Terrain",-3,,,,
"Kushala Crus","9300z","Daora Shell",3,"DaoraDragonScale",4,"Daora Claw",1,"Dragonite Ore",3,42,0,-2,-3,2,4,"Male/Female","Blade",5,"3","4","O--","Poison",-3,"Terrain",4,"Fast Chrge",2,,,,
"Kushala Shank","9300z","Daora Shell",3,"DaoraDragonScale",4,"Daora Claw",1,"Dragonite Ore",3,21,2,-2,-2,3,5,"Male/Female","Gunner",5,"3","4","O--","Poison",-3,"Terrain",4,"Fast Chrge",2,,,,
"Kirin Leg Guards","9800z","Kirin Hide",1,"Flabby Hide",2,"Rubbery Hide",3,"Electro Sac",3,44,0,4,-1,2,0,"Male/Female","Blade",5,"3","5","O--","ElementAtk",2,"All Resist",3,"PsychicVis",2,"Everlastng",-2,,
"Kirin Boots","9800z","Kirin Hide",1,"Flabby Hide",2,"Rubbery Hide",3,"Electro Sac",3,22,1,6,0,4,1,"Male/Female","Gunner",5,"3","5","O--","ElementAtk",2,"All Resist",3,"PsychicVis",2,"Everlastng",-2,,
"GuardianSpirit Boots","9800z","Dragonwood",1,"Dragonmoss",3,"Elder Drgn Bone",5,"Pokke Ticket",1,44,2,0,-2,2,-2,"Male/Female","Blade",5,"3","4","O--","Fencing",2,"Protection",1,"All Resist",4,"Potential",-2,,
"Carnage Boots","9800z","Dragonwood",1,"Dragonmoss",3,"Elder Drgn Bone",5,"Pokke Ticket",1,22,3,2,-1,4,-1,"Male/Female","Gunner",5,"3","4","O--","Protection",1,"All Resist",4,"Potential",-2,"Loading",2,,
"Auroros Pants","9800z","Lao-Shan's Scale",5,"DaoraDragonScale",1,"Rathian Spike",2,"Commendation",1,44,-2,0,-4,2,2,"Male","Blade",5,"3","6","OO-","Rec Speed",2,"Guard",3,"PsychicVis",1,"Stamina",-1,,
"Genesis Pants","9800z","Lao-Shan's Scale",5,"DaoraDragonScale",1,"Rathian Spike",2,"Commendation",1,22,1,2,-2,3,3,"Male","Gunner",5,"3","6","O--","Rec Speed",2,"Load",3,"NormalSAdd",3,"Hunger",-1,,
"Borealis Pants","9800z","Lao-Shan's Scale",5,"DaoraDragonScale",1,"Rathian Spike",2,"Commendation",1,44,-2,0,-4,2,2,"Female","Blade",5,"3","6","OO-","Rec Speed",2,"Guard",3,"PsychicVis",1,"Stamina",-1,,
"Glyph Pants","9800z","Lao-Shan's Scale",5,"DaoraDragonScale",1,"Rathian Spike",2,"Commendation",1,22,1,2,-2,3,3,"Female","Gunner",5,"3","6","O--","Rec Speed",2,"Load",3,"NormalSAdd",3,"Hunger",-1,,
"Red Borealis Pants","9800z","Lao-Shan's Scale",5,"Fire Drgn Wbng",1,"Rathian Spike",2,"Commendation",1,44,2,0,-4,-2,0,"Female","Blade",5,"3","6","O--","Rec Speed",4,"PsychicVis",5,,,,,,
"Red Glyph Pants","9800z","Lao-Shan's Scale",5,"Fire Drgn Wbng",1,"Rathian Spike",2,"Commendation",1,22,3,2,-2,1,1,"Female","Gunner",5,"3","6","O--","Rec Speed",4,"NormalSAdd",5,,,,,,
"Empress Greaves","11625z","Lunastra Shell",4,"Fire Drgn Wbng",2,"Fire Dragon Claw",2,"Fire Stone",1,46,5,0,-2,-1,0,"Male/Female","Blade",5,"10","5!","O--","Expert",2,"Guard",3,"Anti-Theft",2,"Cold Res",-2,,
"Empress Leggings","11625z","Lunastra Shell",4,"Fire Drgn Wbng",2,"Fire Dragon Claw",2,"Fire Stone",1,23,6,2,-1,1,0,"Male/Female","Gunner",5,"10","5!","O--","Expert",3,"Guard Up",1,"Anti-Theft",3,"Cold Res",-2,,
"Indra Leggings","13500z","Gaoren Shell",2,"Gaoren Spine",1,"DaoraDragonScale",2,"Dragonite Ore",3,48,-2,2,-2,3,2,"Male/Female","Blade",5,"3","6","O--","Guard",3,"Fate",2,"Cooking",-2,"Quake Res",2,,
"Steadfast Boots","13500z","Gaoren Shell",2,"Gaoren Spine",1,"DaoraDragonScale",2,"Dragonite Ore",3,24,0,3,-1,5,3,"Male/Female","Gunner",5,"3","6","O--","Load",-1,"Recoil",2,"Fate",2,"Cooking",-2,"Quake Res",2
"Kaiser Greaves","13500z","Teostra Shell",3,"Fire Drgn Wbng",2,"Fire Stone",2,"ElderDragonBlood",1,48,5,0,-2,-1,0,"Male/Female","Blade",5,"3","6","O--","Expert",3,"Cold Res",-3,"Fatigue",3,,,,
"Kaiser Leggings","13500z","Teostra Shell",3,"Fire Drgn Wbng",2,"Fire Stone",2,"ElderDragonBlood",1,24,6,2,-1,1,0,"Male/Female","Gunner",5,"3","6","O--","Expert",3,"Cold Res",-3,"Fatigue",3,,,,
"Red Lobster Greaves","4150z","King Lobster Shl",1,"Sm Lobstershell",1,"Famitsu Ticket",1,,,32,3,-2,0,0,1,"Male/Female","Blade",5,"6","5","OO-","Sneak",-2,"Fishing",2,"Evade",1,"BBQ",2,,
"RedLobster Leggings","4150z","King Lobster Shl",1,"Sm Lobstershell",1,"Famitsu Ticket",1,,,15,3,0,1,0,1,"Male/Female","Gunner",5,"6","5","OO-","Sneak",-2,"Fishing",2,"Evade",1,"BBQ",2,,
"Monodevil Greaves","5900z","Wht Monoblos Hrn",1,"Wht Monoblos Spn",2,"Wht Monoblos Shl",4,"Hercudrome",3,34,2,-2,-1,-1,-1,"Male/Female","Blade",5,"10","4!","O--","Artisan",1,"Expert",2,"Protection",-2,"Potential",4,,
"Monodevil Leggings","5900z","Wht Monoblos Hrn",1,"Wht Monoblos Spn",2,"Wht Monoblos Shl",4,"Hercudrome",3,16,4,0,0,2,0,"Male/Female","Gunner",5,"10","4!","O--","Expert",2,"Protection",-2,"Potential",4,"Loading",1,,
"Rathian HeartGreaves","6400z","Pnk Rathian Shl",2,"Pnk Rathian Scl",4,"Monster Bone+",1,"Dragonite Ore",3,36,2,-2,-4,0,0,"Male/Female","Blade",5,"3","6","OO-","Antiseptic",1,"Sneak",-1,"Whim",3,"Recovery",2,,
"RathianHeartLeggings","6400z","Pnk Rathian Shl",2,"Pnk Rathian Scl",4,"Monster Bone+",1,"Dragonite Ore",3,16,4,0,-2,2,2,"Male/Female","Gunner",5,"3","6","OO-","Antiseptic",2,"Sneak",-2,"Whim",3,"Recovery",2,,
"Rathalos SoulGreaves","6900z","Azre Rathlos Shl",3,"Azr Rathlos Scl",3,"FireWyvern Claw",2,"Lg Monster Bone",2,38,2,2,-4,-1,0,"Male/Female","Blade",5,"3","6","OO-","Expert",1,"Attack",3,"Protection",-1,"HearProtct",2,,
"RathalosSoulLeggings","6900z","Azre Rathlos Shl",3,"Azr Rathlos Scl",3,"FireWyvern Claw",2,"Lg Monster Bone",2,18,4,5,-2,2,1,"Male/Female","Gunner",5,"3","6","O--","Expert",1,"Attack",3,"Protection",-2,"HearProtct",3,,
"Mafumofu Boots S","1150z","High Quality Pelt",2,"Blango Pelt+",1,"Rainbow Insect",1,"Bulldrome Hide+",2,20,0,0,0,0,3,"Male/Female","Blade/Gunner",6,"4","7","O--","Protection",3,"Heat Res",-2,"Cold Res",4,,,,
"Green Pants S","1350z","Carbalite Ore",1,"Machalite Ore",7,"Kelbi Hide",1,"Stout Bone",1,22,2,0,0,0,0,"Male/Female","Blade/Gunner",6,"4","7","---","Backpackng",6,"Gathering",5,,,,,,
"Blue Pants S","1650z","Carbalite Ore",2,"Dragonite Ore",2,"Velociprey Hide+",4,,,24,2,-2,0,2,1,"Male/Female","Blade/Gunner",6,"4","7","O--","Paralysis",-1,"Health",4,"Map",2,"Whim",2,,
"Hunter Greaves S","5350z","Carbalite Ore",4,"Dragonite Ore",3,"Lg Monster Bone",2,"Ioprey Hide+",5,38,0,-4,0,0,0,"Male/Female","Blade",6,"4","7","O--","Faint",-2,"Rec Speed",2,"Attack",2,"PsychicVis",3,,
"Hunter Leggings S","5350z","Carbalite Ore",4,"Dragonite Ore",3,"Lg Monster Bone",2,"Ioprey Hide+",5,26,2,-2,0,2,2,"Male/Female","Gunner",6,"4","7","O--","Faint",-2,"Rec Speed",2,"Attack",2,"PsychicVis",3,,
"Bone Greaves S","7200z","Bulldrome Hide+",4,"King Scarab",2,"Giant Bone",4,"Monster Bone+",1,44,2,-2,-2,2,-2,"Male/Female","Blade",6,"4","7","O--","Anti-Theft",2,"Map",-2,"Cooking",2,"Horn",3,,
"Bone Leggings S","7200z","Bulldrome Hide+",4,"King Scarab",2,"Giant Bone",4,"Monster Bone+",1,26,5,0,0,5,-1,"Male/Female","Gunner",6,"4","7","O--","Anti-Theft",2,"Map",-2,"Fishing",3,"Cooking",2,,
"Battle Greaves S","7500z","Bulldrome Hide+",3,"Rathian Shell",2,"Conga Pelt+",4,"Dragonite Ore",3,46,2,-2,0,-2,-1,"Male/Female","Blade",6,"4","7","O--","SwdShrpner",2,"Guard",2,"Attack",3,"Stamina",-2,,
"Battle Leggings S","7500z","Bulldrome Hide+",3,"Rathian Shell",2,"Conga Pelt+",4,"Dragonite Ore",3,26,4,0,2,0,0,"Male/Female","Gunner",6,"4","7","OO-","Load",2,"ClustS Add",2,"Hunger",-2,"Attack",1,,
"Velociprey Greaves S","7800z","Velociprey Scl+",3,"Velociprey Hide+",3,"Machalite Ore",12,"Monster Bone+",1,50,1,1,-1,1,0,"Male/Female","Blade",6,"4","7","OO-","Paralysis",-2,"Faint",3,"SwdShrpner",2,,,,
"Velociprey LeggingsS","7800z","Velociprey Scl+",3,"Velociprey Hide+",3,"Machalite Ore",12,"Monster Bone+",1,26,3,3,0,3,1,"Male/Female","Gunner",6,"4","7","OO-","Paralysis",-2,"Faint",3,"PelletS Up",2,,,,
"Vespoid Greaves S","7800z","Vespoid InnrWng",2,"Vespoid Carapace",3,"Vespoid Wing",4,"King Scarab",2,50,-6,2,2,-5,-4,"Male/Female","Blade",6,"4","7","OO-","Paralysis",3,"Poison",-2,"Everlastng",2,,,,
"Vespoid Leggings S","7800z","Vespoid InnrWng",2,"Vespoid Carapace",3,"Vespoid Wing",4,"King Scarab",2,26,-5,5,2,-4,-3,"Male/Female","Gunner",6,"4","7","OO-","Paralysis",3,"Poison",-2,"Everlastng",2,,,,
"Hi-Metal Greaves S","7800z","Carbalite Ore",4,"Lightcrystal",1,"Dragonite Ore",10,"Velociprey Hide+",4,50,-2,3,0,-2,-1,"Male/Female","Blade",6,"4","7","OO-","Defence",2,"All Resist",-2,"Gunnery",3,,,,
"Hi-Metal Leggings S","7800z","Carbalite Ore",4,"Lightcrystal",1,"Dragonite Ore",10,"Velociprey Hide+",4,26,0,5,0,0,0,"Male/Female","Gunner",6,"4","7","OO-","Defence",2,"All Resist",-2,"Gunnery",3,,,,
"Hornet Greaves S","8800z","HornetaurInnrWng",2,"Hornetaur Carpce",3,"Hornetaur Wing",2,"King Scarab",2,52,-6,-5,2,-1,-5,"Male/Female","Blade",6,"4","7","O--","Poison",-3,"Sharpness",2,"SwdShrpner",1,"Dragon Res",3,,
"Hornet Leggings S","8800z","HornetaurInnrWng",2,"Hornetaur Carpce",3,"Hornetaur Wing",2,"King Scarab",2,26,-5,-3,3,2,-4,"Male/Female","Gunner",6,"4","7","O--","Poison",-3,"PierceS Up",2,"Dragon Res",3,"Precision",1,,
"Genprey Greaves S","8800z","Genprey Scale+",4,"Genprey Hide+",6,"Carbalite Ore",5,"Monster Bone+",3,52,2,3,-1,-2,-2,"Male/Female","Blade",6,"4","7","OO-","Paralysis",3,"Poison",-2,"Spc Attack",2,,,,
"Genprey Leggings S","8800z","Genprey Scale+",4,"Genprey Hide+",6,"Carbalite Ore",5,"Monster Bone+",3,26,4,5,0,0,0,"Male/Female","Gunner",6,"4","7","OO-","Paralysis",3,"Poison",-2,"Spc Attack",2,,,,
"Ioprey Greaves S","8950z","Ioprey Scale+",4,"Ioprey Hide+",6,"Carbalite Ore",6,"Monster Bone+",3,52,3,-2,-1,2,1,"Male/Female","Blade",6,"4","7","---","Torso Inc",,,,,,,,,
"Ioprey Leggings S","8950z","Ioprey Scale+",4,"Ioprey Hide+",6,"Carbalite Ore",6,"Monster Bone+",3,28,4,0,0,3,2,"Male/Female","Gunner",6,"4","7","---","Torso Inc",,,,,,,,,
"Kut-Ku Greaves S","8950z","Long Kut-Ku Ear",1,"Kut-Ku Carapace",2,"Kut-Ku Webbing",2,"Giaprey Hide+",4,52,2,0,-1,-2,-2,"Male/Female","Blade",6,"4","7","OO-","Attack",3,"Defence",-2,"Fire Res",2,,,,
"Kut-Ku Leggings S","8950z","Long Kut-Ku Ear",1,"Kut-Ku Carapace",2,"Kut-Ku Webbing",2,"Giaprey Hide+",4,28,5,3,0,1,-1,"Male/Female","Gunner",6,"4","7","OO-","Attack",3,"Defence",-2,"Fire Res",2,,,,
"Cephalos Greaves S","9000z","Cephalos Scale+",5,"Cephalos Fin+",4,"Nova Crystal",2,"Mega Armorskin",2,54,-3,-4,0,2,2,"Male/Female","Blade",6,"4","7","OO-","Heat Res",3,"Cold Res",-1,"PsychicVis",3,,,,
"Cephalos Leggings S","9000z","Cephalos Scale+",5,"Cephalos Fin+",4,"Nova Crystal",2,"Mega Armorskin",2,28,-1,-2,1,5,3,"Male/Female","Gunner",6,"4","7","OO-","Heat Res",3,"Cold Res",-1,"PsychicVis",3,,,,
"Conga Greaves S","9000z","Congalala Pelt+",3,"Bulldrome Hide+",2,"Stout Bone",2,"Dragonite Ore",4,54,-3,2,0,2,-1,"Male/Female","Blade",6,"4","7","O--","Antiseptic",2,"Sneak",-2,"ElementAtk",2,"Gluttony",3,,
"Conga Leggings S","9000z","Congalala Pelt+",3,"Bulldrome Hide+",2,"Stout Bone",2,"Dragonite Ore",4,28,-1,4,1,4,0,"Male/Female","Gunner",6,"4","7","O--","Antiseptic",2,"Sneak",-2,"NormalS Up",2,"Gluttony",3,,
"Gypceros Greaves S","9000z","Rubbery Hide+",4,"Monster Broth",2,"Antiseptic Stone",10,"Remobra Skin+",5,54,-4,4,0,1,1,"Male/Female","Blade",6,"5","7","OO-","Poison",3,"Hunger",-2,"Stamina",2,,,,
"Gypceros Leggings S","9000z","Rubbery Hide+",4,"Monster Broth",2,"Antiseptic Stone",10,"Remobra Skin+",5,28,-1,6,0,4,3,"Male/Female","Gunner",6,"5","7","OO-","Poison",3,"Hunger",-2,"Stamina",2,,,,
"Khezu Greaves S","9100z","Khezu Hide - Tan",3,"Carbalite Ore",3,"King Scarab",4,"Lifepowder",3,56,-3,4,0,3,1,"Male/Female","Blade",6,"5","7","O--","Faint",-2,"Rec Speed",5,"Wide Area",2,,,,
"Khezu Leggings S","9100z","Khezu Hide - Tan",3,"Carbalite Ore",3,"King Scarab",4,"Lifepowder",3,28,-1,6,0,5,2,"Male/Female","Gunner",6,"5","7","O--","Faint",-2,"Rec Speed",5,"Wide Area",2,,,,
"Hermitaur Greaves S","9100z","Hermitaur Claw+",3,"Hermitaur Carpce",1,"Bulldrome Hide+",2,"Dragonite Ore",4,56,-3,-4,1,3,0,"Male/Female","Blade",6,"4","7","OO-","Guard",2,"Throw",2,"Defence",2,"Stamina",-1,,
"Hermitaur Leggings S","9100z","Hermitaur Claw+",3,"Hermitaur Carpce",1,"Bulldrome Hide+",2,"Dragonite Ore",4,28,-1,-2,2,5,1,"Male/Female","Gunner",6,"4","7","OO-","Load",2,"CragS Add",2,"Defence",2,"All Resist",-1,,
"Hypnoc Greaves S","9100z","Hypnoc Feather",4,"Hypnoc Claw+",3,"Sleep Sac",2,"Cephalos Scale+",2,56,-2,0,1,2,1,"Male/Female","Blade",6,"7","7","O--","Sleep",5,"Hunger",-2,"Stamina",2,,,,
"Hypnoc Leggings S","9100z","Hypnoc Feather",4,"Hypnoc Claw+",3,"Sleep Sac",2,"Cephalos Scale+",2,28,0,2,2,4,3,"Male/Female","Gunner",6,"7","7","O--","Sleep",5,"Hunger",-2,"Stamina",2,,,,
"Basarios Greaves S","9100z","Basarios Carpace",3,"Carbalite Ore",5,"Toxin Sac",3,"Genprey Hide+",5,56,0,2,-2,2,1,"Male/Female","Blade",6,"5","7","OO-","Sleep",1,"Poison",2,"Defence",2,"Dragon Res",-2,,
"Basarios Leggings S","9100z","Basarios Carpace",3,"Carbalite Ore",5,"Toxin Sac",3,"Genprey Hide+",5,28,2,4,0,4,2,"Male/Female","Gunner",6,"5","7","O--","Sleep",3,"Poison",2,"Defence",2,"Dragon Res",-2,,
"Plesioth Greaves S","9500z","Plesioth Scale+",4,"Plesioth Fin+",2,"Carbalite Ore",3,"Cephalos Scale+",1,58,-4,-4,0,4,2,"Male/Female","Blade",6,"5","8","O--","Hunger",-2,"Heat Res",2,"Cold Res",2,"Stamina",3,,
"Plesioth Leggings S","9500z","Plesioth Scale+",4,"Plesioth Fin+",2,"Carbalite Ore",3,"Cephalos Scale+",1,30,-2,-2,1,6,3,"Male/Female","Gunner",6,"5","8","O--","Hunger",-2,"Heat Res",2,"Cold Res",2,"Stamina",3,,
"Monoblos Greaves S","9900z","Monoblos Thrcic",2,"Majestic Red Hrn",2,"Monoblos Carpce",4,"Rare Scarab",3,60,2,-2,-1,-1,-1,"Male/Female","Blade",6,"10","8!","O--","Attack",6,"Protection",-1,"Potential",2,,,,
"Monoblos Leggings S","9900z","Monoblos Thrcic",2,"Majestic Red Hrn",2,"Monoblos Carpce",4,"Rare Scarab",3,30,4,0,0,2,0,"Male/Female","Gunner",6,"10","8!","O--","Attack",6,"Protection",-1,"Potential",2,,,,
"Garuga Greaves S","9900z","Garuga Scale+",5,"Garuga Carapace",3,"Garuga Wing",2,"Hercudrome",4,60,2,2,0,0,0,"Male/Female","Blade",6,"8","8","OO-","Poison",3,"HearProtct",2,"Gathering",-2,,,,
"Garuga Leggings S","9900z","Garuga Scale+",5,"Garuga Carapace",3,"Garuga Wing",2,"Hercudrome",4,30,3,3,0,2,1,"Male/Female","Gunner",6,"8","8","OO-","HearProtct",2,"Gathering",-2,"PoisnCtAdd",3,,,,
"Blango Greaves S","9900z","Blangonga Pelt+",3,"Blango Pelt+",5,"Hrd Monster Bone",1,"High Quality Pelt",2,60,-4,0,1,2,3,"Male/Female","Blade",6,"5","8","OO-","Snow Res",2,"Attack",2,"Heat Res",-1,"Cold Res",2,,
"Blango Leggings S","9900z","Blangonga Pelt+",3,"Blango Pelt+",5,"Hrd Monster Bone",1,"High Quality Pelt",2,30,-3,1,2,4,5,"Male/Female","Gunner",6,"5","8","OO-","Snow Res",2,"Attack",2,"Heat Res",-1,"Cold Res",2,,
"Ceanataur Greaves S","10050z","Ceanataur Carpce",2,"Ceanataur Leg",3,"Firecell Stone",1,"Rare Scarab",2,61,1,-1,0,2,-1,"Male/Female","Blade",6,"5","8","OO-","Artisan",2,"SwdShrpner",1,"Attack",2,"Defence",-2,,
"Ceanataur Leggings S","10050z","Ceanataur Carpce",2,"Ceanataur Leg",3,"Firecell Stone",1,"Rare Scarab",2,30,2,0,2,4,0,"Male/Female","Gunner",6,"5","8","OO-","PierceS Up",2,"PierceSAdd",3,"Defence",-2,,,,
"Rathian Greaves S","10250z","Rathian Carapace",2,"Rathian Scale+",3,"Inferno Sac",2,"Carbalite Ore",3,62,2,-2,-4,0,0,"Male/Female","Blade",6,"5","9","OO-","Faint",-1,"Poison",2,"Health",4,,,,
"Rathian Leggings S","10250z","Rathian Carapace",2,"Rathian Scale+",3,"Inferno Sac",2,"Carbalite Ore",3,30,4,0,-2,2,2,"Male/Female","Gunner",6,"5","9","O--","Faint",-2,"Poison",3,"Health",4,,,,
"Naruga Greaves S","10250z","Naruga Pelt",4,"Naruga Scale+",3,"Naruga Fang+",4,"Remobra Skin+",4,62,-4,-3,0,3,2,"Male/Female","Blade",6,"8","9","OO-","Attack",-2,"Evade Inc",1,"Technique",4,,,,
"Naruga Leggings S","10250z","Naruga Pelt",4,"Naruga Scale+",3,"Naruga Fang+",4,"Remobra Skin+",4,30,-2,-1,1,4,3,"Male/Female","Gunner",6,"8","9","OO-","Attack",-2,"Evade Inc",3,"Technique",2,,,,
"Tigrex Greaves S","10750z","Tigrex Carapace",2,"Tigrex Scale+",3,"Tigrex Claw+",3,"King Scarab",6,64,3,-2,-1,2,3,"Male/Female","Blade",6,"6","9","OO-","Protection",-2,"HearProtct",2,"PsychicVis",1,"Cooking",2,,
"Tigrex Leggings S","10750z","Tigrex Carapace",2,"Tigrex Scale+",3,"Tigrex Claw+",3,"King Scarab",6,30,4,-1,0,3,4,"Male/Female","Gunner",6,"6","9","OO-","Protection",-2,"HearProtct",2,"PsychicVis",1,"Cooking",2,,
"Rathalos Greaves S","10750z","Rathalos Ruby",1,"Rathalos Carpace",4,"Rathalos Webbing",4,"King Scarab",6,64,2,2,-4,-1,-3,"Male/Female","Blade",6,"5","9","OO-","Faint",-1,"Rec Speed",2,"Attack",4,,,,
"Rathalos Leggings S","10750z","Rathalos Ruby",1,"Rathalos Carpace",4,"Rathalos Webbing",4,"King Scarab",6,30,4,5,-2,0,-1,"Male/Female","Gunner",6,"5","9","OO-","Faint",-1,"Rec Speed",2,"Attack",4,,,,
"Diablo Greaves S","10750z","Diablos Carapace",3,"Diablos Thoracic",2,"Carbalite Ore",4,"Union Ore",2,64,3,1,0,-1,-2,"Male/Female","Blade",6,"6","9","OO-","Health",-2,"Expert",3,"WindPress",2,,,,
"Diablo Leggings S","10750z","Diablos Carapace",3,"Diablos Thoracic",2,"Carbalite Ore",4,"Union Ore",2,30,5,4,0,2,-1,"Male/Female","Gunner",6,"6","9","O--","Health",-3,"Expert",4,"WindPress",2,,,,
"Gravios Greaves S","10750z","Gravios Carapace",2,"Gravios Shell",6,"Hrd Monster Bone",2,"Rare Scarab",2,64,2,2,-2,-2,0,"Male/Female","Blade",6,"6","9","O--","Guard",2,"Defence",4,"Stamina",-3,,,,
"Gravios Leggings S","10750z","Gravios Carapace",2,"Gravios Shell",6,"Hrd Monster Bone",2,"Rare Scarab",2,30,4,3,0,1,1,"Male/Female","Gunner",6,"6","9","O--","Recoil",2,"Defence",4,"Stamina",-3,,,,
"Cream Pants","1350z","Giaprey Hide+",4,"Iron Ore",5,"Blango Pelt+",3,"Bulldrome Hide+",3,20,2,0,0,0,0,"Male/Female","Blade/Gunner",7,"4","7","OOO","Sneak",-1,"Gathering",2,"Alchemy",2,,,,
"Coffee Pants","1650z","Carbalite Ore",1,"Rainbow Ore",3,"Dragonite Ore",2,"Genprey Hide+",4,22,2,-2,0,2,1,"Male/Female","Blade/Gunner",7,"4","7","OO-","Backpackng",2,"Map",-1,"Whim",4,,,,
"Hunter Greaves U","5350z","King Scarab",4,"Carbalite Ore",2,"Remobra Skin",3,"Blk Gravios Shl",3,36,0,-4,0,0,0,"Male/Female","Blade",7,"4","7","OO-","Sleep",-2,"BombStrUp",2,"PsychicVis",3,,,,
"Hunter Leggings U","5350z","King Scarab",4,"Carbalite Ore",2,"Remobra Skin",3,"Blk Gravios Shl",3,24,2,-2,0,2,2,"Male/Female","Gunner",7,"4","7","OO-","Sleep",-2,"CragS Add",2,"PsychicVis",3,,,,
"Bone Greaves U","7200z","Ioprey Hide+",2,"Hrd Monster Bone",1,"Blood Red Horn",2,"King Scarab",2,42,2,-2,-2,2,-2,"Male/Female","Blade",7,"4","7","OO-","Guard",-1,"Anti-Theft",2,"Horn",2,"Fatigue",2,,
"Bone Leggings U","7200z","Ioprey Hide+",2,"Hrd Monster Bone",1,"Blood Red Horn",2,"King Scarab",2,24,5,0,0,5,-1,"Male/Female","Gunner",7,"4","7","OO-","Anti-Theft",2,"Precision",-2,"Fatigue",3,,,,
"Battle Greaves U","7500z","Bulldrome Hide+",3,"Ioprey Hide+",3,"Conga Pelt+",3,"Carbalite Ore",4,44,2,-2,0,-2,-1,"Male/Female","Blade",7,"4","7","OO-","Guard",2,"Defence",3,"Stamina",-2,,,,
"Battle Leggings U","7500z","Bulldrome Hide+",3,"Genprey Hide+",3,"Blango Pelt+",3,"Carbalite Ore",4,24,4,0,2,0,0,"Male/Female","Gunner",7,"4","7","OOO","Load",2,"Defence",1,"All Resist",-2,,,,
"Giaprey Greaves U","7500z","Giaprey Scale+",3,"Giaprey Hide+",5,"Blk Gravios Shl",2,"King Scarab",3,44,0,1,-1,1,3,"Male/Female","Blade",7,"4","7","OO-","Snow Res",3,"Fire Res",-2,"Evade",2,,,,
"Giaprey Leggings U","7500z","Giaprey Scale+",3,"Giaprey Hide+",5,"Blk Gravios Shl",2,"King Scarab",3,24,1,3,0,3,4,"Male/Female","Gunner",7,"4","7","OO-","Snow Res",3,"Fire Res",-2,"Evade",2,,,,
"Vespoid Greaves U","7800z","Vespoid InnrWng",2,"Vespoid Carapace",3,"Rainbow Insect",2,"Hercudrome",4,48,-6,2,2,-5,-4,"Male/Female","Blade",7,"4","7","OOO","Sleep",2,"Spc Attack",2,"Water Res",-1,,,,
"Vespoid Leggings U","7800z","Vespoid InnrWng",2,"Vespoid Carapace",3,"Rainbow Insect",2,"Hercudrome",4,24,-5,5,2,-4,-3,"Male/Female","Gunner",7,"4","7","OO-","Sleep",4,"Spc Attack",2,"Water Res",-1,,,,
"Hi-Metal Greaves U","7800z","Carbalite Ore",4,"Firecell Stone",1,"Dragonite Ore",5,"Remobra Skin",2,48,-2,3,0,-2,-1,"Male/Female","Blade",7,"4","7","OO-","ElementAtk",3,"Protection",2,"Stamina",-2,,,,
"Hi-Metal Leggings U","7800z","Carbalite Ore",4,"Firecell Stone",1,"Dragonite Ore",5,"Remobra Skin",2,24,0,5,0,0,0,"Male/Female","Gunner",7,"4","7","OO-","ElementAtk",3,"Protection",2,"Stamina",-2,,,,
"Hornet Greaves U","8800z","HornetaurInnrWng",2,"Hornetaur Carpce",3,"Rainbow Insect",2,"Carbalite Ore",2,50,-6,-5,2,-1,-5,"Male/Female","Blade",7,"4","7","OO-","Protection",-2,"HearProtct",3,"Gathering",2,,,,
"Hornet Leggings U","8800z","HornetaurInnrWng",2,"Hornetaur Carpce",3,"Rainbow Insect",2,"Carbalite Ore",2,24,-5,-3,3,2,-4,"Male/Female","Gunner",7,"4","7","OO-","Protection",-2,"HearProtct",3,"Gathering",2,,,,
"Genprey Greaves U","8800z","Genprey Scale+",4,"Rainbow Insect",3,"Small Goldenfish",6,"King Scarab",6,50,2,3,-1,-2,-2,"Male/Female","Blade",7,"4","7","OO-","Paralysis",3,"Ice Res",-2,"Fate",2,,,,
"Genprey Leggings U","8800z","Genprey Scale+",4,"Rainbow Insect",3,"Small Goldenfish",6,"King Scarab",6,24,4,5,0,0,0,"Male/Female","Gunner",7,"4","7","OO-","Paralysis",3,"Ice Res",-2,"Fate",2,,,,
"Ioprey Greaves U","8950z","Ioprey Scale+",3,"Rainbow Insect",2,"Ioprey Hide+",5,"Rubbery Hide+",1,50,3,-2,-1,2,1,"Male/Female","Blade",7,"5","7","OO-","Poison",3,"ThunderRes",-2,"Recovery",2,,,,
"Ioprey Leggings U","8950z","Ioprey Scale+",3,"Rainbow Insect",2,"Ioprey Hide+",5,"Rubbery Hide+",1,26,4,0,0,3,2,"Male/Female","Gunner",7,"5","7","OO-","Poison",3,"ThunderRes",-2,"Recovery",2,,,,
"Kut-Ku Greaves U","8950z","Long Kut-Ku Ear",1,"Blue Kut-Ku Cpc",2,"Kut-Ku Webbing",2,"Giaprey Hide+",4,50,2,0,-1,-2,-2,"Male/Female","Blade",7,"4","8","OOO","Health",-2,"Expert",1,"ElementAtk",2,,,,
"Kut-Ku Leggings U","8950z","Long Kut-Ku Ear",1,"Blue Kut-Ku Cpc",2,"Kut-Ku Webbing",2,"Giaprey Hide+",4,26,5,3,0,1,-1,"Male/Female","Gunner",7,"4","8","OO-","Health",-2,"Expert",3,"ElementAtk",2,,,,
"Cephalos Greaves U","9000z","Coral Cphlos Scl",4,"Coral Cphlos Fin",1,"Nova Crystal",2,"Mega Demondrug",2,52,-3,-4,0,2,2,"Male/Female","Blade",7,"4","7","OO-","Hunger",3,"Heat Res",2,"Cold Res",-2,,,,
"Cephalos Leggings U","9000z","Coral Cphlos Scl",4,"Coral Cphlos Fin",1,"Nova Crystal",2,"Mega Demondrug",2,26,-1,-2,1,5,3,"Male/Female","Gunner",7,"4","7","OO-","Hunger",3,"Heat Res",2,"Cold Res",-2,,,,
"Conga Greaves U","9000z","Congalala Pelt+",3,"Remobra Skin",4,"Stout Bone",2,"Dragonite Ore",4,52,-3,2,0,2,-1,"Male/Female","Blade",7,"4","7","OO-","BombStrUp",2,"Hunger",-2,"Potential",3,,,,
"Conga Leggings U","9000z","Congalala Pelt+",3,"Remobra Skin",4,"Stout Bone",2,"Dragonite Ore",4,26,-1,4,1,4,0,"Male/Female","Gunner",7,"4","7","OO-","PelletS Up",3,"BombStrUp",2,"Hunger",-2,,,,
"Gypceros Greaves U","9000z","Pur GypcerosWng",3,"Monster Broth",2,"Antiseptic Stone",10,"Remobra Skin+",5,52,-4,4,0,1,1,"Male/Female","Blade",7,"5","7","OO-","Faint",4,"WindPress",2,"Fate",-1,,,,
"Gypceros Leggings U","9000z","Pur GypcerosWng",3,"Monster Broth",2,"Antiseptic Stone",10,"Remobra Skin+",5,26,-1,6,0,4,3,"Male/Female","Gunner",7,"5","7","OO-","Faint",4,"WindPress",2,"Fate",-1,,,,
"Khezu Greaves U","9100z","Alluring Webbing",2,"Pale Khezu Steak",1,"Monster Broth",2,"Rare Scarab",3,54,3,4,0,-3,0,"Male/Female","Blade",7,"5","7","OO-","Rec Speed",-1,"Wide Area",4,"Recovery",2,,,,
"Khezu Leggings U","9100z","Alluring Webbing",2,"Pale Khezu Steak",1,"Monster Broth",2,"Rare Scarab",3,26,5,6,0,-1,1,"Male/Female","Gunner",7,"5","7","O--","Rec Speed",-1,"Wide Area",6,"Recovery",2,,,,
"Hermitaur Greaves U","9100z","Hermitaur Carpce",3,"Rainbow Insect",2,"Bulldrome Hide+",2,"Hercudrome",2,54,-3,-4,1,3,0,"Male/Female","Blade",7,"4","7","OOO","Guard Up",2,"Defence",1,"ThunderRes",-2,,,,
"Hermitaur Leggings U","9100z","Hermitaur Carpce",3,"Rainbow Insect",2,"Bulldrome Hide+",2,"Hercudrome",2,26,-1,-2,2,5,1,"Male/Female","Gunner",7,"4","7","OO-","Guard Up",2,"Defence",3,"ThunderRes",-2,,,,
"Basarios Greaves U","9100z","Basarios Carpace",3,"Carbalite Ore",5,"Gendrome Tail",2,"Machalite Ore",20,54,0,2,-2,2,1,"Male/Female","Blade",7,"5","7","OO-","Faint",-2,"Guard",2,"Terrain",3,,,,
"Basarios Leggings U","9100z","Basarios Carpace",3,"Carbalite Ore",5,"Gendrome Tail",2,"Machalite Ore",20,26,2,4,0,4,2,"Male/Female","Gunner",7,"5","7","OO-","Faint",-2,"PierceSAdd",3,"Terrain",2,,,,
"Plesioth Greaves U","9500z","Grn Plsioth Scl+",2,"Grn Plsioth Fin+",3,"Cephalos Scale+",2,"Genprey Scale+",5,56,-4,-4,0,4,2,"Male/Female","Blade",7,"5","8","OO-","Poison",-2,"Hunger",3,"Everlastng",2,,,,
"Plesioth Leggings U","9500z","Grn Plsioth Scl+",2,"Grn Plsioth Fin+",3,"Cephalos Scale+",2,"Genprey Scale+",5,28,-2,-2,1,6,3,"Male/Female","Gunner",7,"5","8","OO-","Poison",-2,"Hunger",3,"Everlastng",2,,,,
"Blango Greaves U","9900z","Blangonga Pelt+",3,"Blango Pelt+",5,"Hrd Monster Bone",1,"Gendrome Tail",1,58,-4,0,1,2,3,"Male/Female","Blade",7,"5","8","OO-","Spc Attack",3,"HearProtct",2,"Terrain",-2,,,,
"Blango Leggings U","9900z","Blangonga Pelt+",3,"Blango Pelt+",5,"Hrd Monster Bone",1,"Gendrome Tail",1,28,-3,1,2,4,5,"Male/Female","Gunner",7,"5","8","OO-","Spc Attack",3,"HearProtct",2,"Terrain",-2,,,,
"Ceanataur Greaves U","10050z","Ceanataur Carpce",2,"Ceanataur Leg",3,"Hrd Monster Bone",1,"Rainbow Ore",3,59,1,-1,0,2,-1,"Male/Female","Blade",7,"5","8","OO-","Health",-3,"Sharpness",2,"Expert",2,,,,
"Ceanataur Leggings U","10050z","Ceanataur Carpce",2,"Ceanataur Leg",3,"Hrd Monster Bone",1,"Rainbow Ore",3,28,2,0,2,4,0,"Male/Female","Gunner",7,"5","8","OO-","Health",-3,"Expert",2,"Load",2,,,,
"Diablo Greaves U","10750z","Black Blos Cpc",3,"Blk Blos Thracic",2,"Carbalite Ore",4,"Union Ore",2,62,3,1,0,-1,-2,"Male/Female","Blade",7,"6","9","OO-","Sharpness",2,"Defence",-2,"WindPress",3,,,,
"Diablo Leggings U","10750z","Black Blos Cpc",3,"Blk Blos Thracic",2,"Carbalite Ore",4,"Union Ore",2,28,5,4,0,2,-1,"Male/Female","Gunner",7,"6","9","OO-","Load",2,"WindPress",3,"Fate",-2,,,,
"Gravios Greaves U","10750z","Blk Gravios Cpc",2,"Blk Gravios Shl",6,"Hrd Monster Bone",3,"Rubbery Hide+",3,62,2,2,0,-2,1,"Male/Female","Blade",7,"6","9","OO-","Guard Up",2,"Hunger",-3,"Defence",2,,,,
"Gravios Leggings U","10750z","Blk Gravios Cpc",2,"Blk Gravios Shl",6,"Hrd Monster Bone",3,"Rubbery Hide+",3,28,4,3,0,1,2,"Male/Female","Gunner",7,"6","9","OO-","Guard Up",2,"Hunger",-3,"Defence",2,,,,
"Famitsu Cloth Wrap S","3750z","Famitsu PT Tckt",5,"Akantor Shell",1,"Commendation",1,"ShakaInheritance",1,30,4,4,4,4,4,"Male","Blade/Gunner",8,"6!","10","OO-","Antiseptic",2,"Protection",5,,,,,,
"Famitsu Pants S","3750z","Famitsu PT Tckt",5,"Akantor Shell",1,"Commendation",1,"ShakaInheritance",1,30,4,4,4,4,4,"Female","Blade/Gunner",8,"6!","10","OO-","Antiseptic",2,"Protection",5,,,,,,
"Black Belt Greaves S","5250z","Rare Scarab",4,"Expert Ticket",6,"Diablos Coin",12,"Cephalos Coin",10,30,3,3,3,3,3,"Male/Female","Blade/Gunner",8,"4","8","OO-","Artisan",2,"Map",-2,"Loading",2,"Cooking",1,,
"ShinobiBoots(Heaven)","16000z","Fatalis Webbing",1,"Commendation",1,"Pokke Ticket",1,"PnkRathian Scl+",5,30,2,4,2,-6,-3,"Male/Female","Blade/Gunner",8,"6!","10","OO-","ElementAtk",2,"Cold Res",-2,"Evade",3,,,,
"Shinobi Boots(Earth)","16000z","Fatalis Webbing",1,"Commendation",1,"Pokke Ticket",1,"PnkRathian Scl+",5,30,2,4,2,-6,-3,"Male/Female","Blade/Gunner",8,"6!","10","OOO","Sneak",2,"Hunger",2,"Heat Res",-1,,,,
"Red GuildGuard Boots","16000z","Firecell Stone",1,"FlynMealPassPlus",1,"Commendation",1,"Pale Khezu Steak",2,30,0,0,0,0,0,"Male","Blade/Gunner",8,"5","7","O--","Protection",-2,"Backpackng",2,"Whim",3,"Fate",2,,
"RedGuildGuard Tights","16000z","Firecell Stone",2,"FlynMealPassPlus",1,"Commendation",1,"Kirin Thndr Tail",4,30,0,0,0,0,0,"Male","Blade/Gunner",8,"5","7","O--","PelletS Up",2,"PelletSAdd",3,"Protection",-2,"Backpackng",2,,
"BlueGuildGuard Boots","16000z","Nova Crystal",2,"Pokke Ticket",2,"Commendation",1,"Azure LaoS Shell",4,30,0,0,0,0,0,"Male","Blade/Gunner",8,"5","8","O--","Protection",2,"Fate",-3,"Carving",4,,,,
"BlueGuildGuardTights","16000z","Nova Crystal",2,"Pokke Ticket",2,"Commendation",1,"Blk Gravios Cpc",4,30,0,0,0,0,0,"Male","Blade/Gunner",8,"6","9","O--","NormalS Up",2,"Fate",-3,"Carving",4,,,,
"Red GuildGuard Boots","16000z","Firecell Stone",1,"FlynMealPassPlus",1,"Commendation",1,"Pale Khezu Steak",2,30,0,0,0,0,0,"Female","Blade/Gunner",8,"5","7","O--","Protection",-2,"Backpackng",2,"Whim",3,"Fate",2,,
"RedGuildGuard Tights","16000z","Firecell Stone",2,"FlynMealPassPlus",1,"Commendation",1,"Kirin Thndr Tail",4,30,0,0,0,0,0,"Female","Blade/Gunner",8,"5","7","O--","PelletS Up",2,"PelletSAdd",3,"Protection",-2,"Backpackng",2,,
"BlueGuildGuard Boots","16000z","Nova Crystal",2,"Pokke Ticket",2,"Commendation",1,"Azure LaoS Shell",4,30,0,0,0,0,0,"Female","Blade/Gunner",8,"5","8","O--","Protection",2,"Fate",-3,"Carving",4,,,,
"BlueGuildGuardTights","16000z","Nova Crystal",2,"Pokke Ticket",2,"Commendation",1,"Blk Gravios Cpc",4,30,0,0,0,0,0,"Female","Blade/Gunner",8,"6","9","O--","NormalS Up",2,"Fate",-3,"Carving",4,,,,
"Devil Blos Greaves","5800z","One-HornedTicket",1,"Diablos Carapace",3,"Diablos Thoracic",2,"Union Ore",2,40,3,1,0,-1,-2,"Male/Female","Blade",8,"6","9","O--","PsychicVis",4,"Stamina",1,"Technique",-2,"Fast Chrge",2,,
"Devil Blos Leggings","5800z","One-HornedTicket",1,"Diablos Carapace",3,"Diablos Thoracic",2,"Union Ore",2,20,5,4,0,2,-1,"Male/Female","Gunner",8,"6","9","O--","PsychicVis",3,"Technique",-3,"Fast Chrge",3,,,,
"Jolly Roger Pants","13500z","Pirate J Ticket",1,"Teostra Carapace",2,"Small Goldenfish",2,"Remobra Skin+",3,48,0,0,0,0,0,"Male/Female","Blade",8,"6!","10","---","BombStrUp",3,"Protection",-2,"Fate",2,"Carving",4,,
"Jolly Roger Skirt","13500z","Pirate J Ticket",1,"Teostra Carapace",2,"Small Goldenfish",2,"Remobra Skin+",3,24,0,0,0,0,0,"Male/Female","Gunner",8,"6!","10","---","BombStrUp",3,"Protection",-2,"Fate",2,"Carving",4,,
"Golden Hakama","15500z","Rajang Horn",2,"Gld Rathian Scl+",1,"Blk Rajang Pelt",2,,,55,3,2,3,2,-2,"Male/Female","Blade",8,"6","9","O--","Sneak",-2,"Artisan",2,"Potential",3,"Horn",2,,
"Puppet Master Socks","15500z","Rajang Horn",2,"Blk Rajang Pelt",2,"DaoraDragonScal+",2,"Remobra Skin+",2,28,4,3,4,3,-1,"Male/Female","Gunner",8,"6","8","O--","Sneak",2,"Potential",3,"Precision",-1,"Gunnery",3,,
"Obituary Gamba S","9100z","Rare Scarab",3,"Great Hornfly",2,"Monster Broth",4,"FireWyvern Fluid",6,56,3,3,2,-5,-4,"Male","Blade",8,"4","8","OO-","Spc Attack",2,"Cold Res",-2,"Evade",3,,,,
"Obituary Femur S","9100z","Rare Scarab",3,"Great Hornfly",2,"Monster Broth",4,"FireWyvern Fluid",6,28,4,5,2,-4,-3,"Male","Gunner",8,"4","8","OO-","Spc Attack",2,"Cold Res",-2,"Evade",3,,,,
"Butterfly Gamba S","9100z","Rare Scarab",3,"Great Hornfly",2,"Monster Broth",4,"FireWyvern Fluid",6,56,3,3,2,-5,-4,"Female","Blade",8,"4","8","OO-","Spc Attack",2,"Cold Res",-2,"Evade",3,,,,
"Butterfly Femur S","9100z","Rare Scarab",3,"Great Hornfly",2,"Monster Broth",4,"FireWyvern Fluid",6,28,4,5,2,-4,-3,"Female","Gunner",8,"4","8","OO-","Spc Attack",2,"Cold Res",-2,"Evade",3,,,,
"Death Stench Heel S","10750z","Sinister Cloth",2,"Stout Bone",4,"Striped Skin",2,"Elder Drgn Bone",3,64,2,1,0,1,-1,"Male/Female","Blade",8,"4","7","OO-","Health",-3,"Fencing",2,"Spc Attack",2,,,,
"Death Stench March S","10750z","Sinister Cloth",2,"Stout Bone",4,"Striped Skin",2,"Elder Drgn Bone",3,30,3,2,1,2,0,"Male/Female","Gunner",8,"4","7","OO-","Health",-3,"Spc Attack",2,"Speed Fire",2,,,,
"SupremeMizuhaLegWrap","14000z","Chameleos Hide+",2,"ChameleosWebbing",1,"Khezu Hide - Tan",5,"Union Ore",5,64,-4,0,-1,3,4,"Male/Female","Blade",8,"6","9","O--","HearProtct",2,"WindPress",5,"Terrain",-2,,,,
"SprmExtrvgntTrousers","14000z","Chameleos Hide+",2,"ChameleosWebbing",1,"Khezu Hide - Tan",5,"Union Ore",5,30,-3,1,0,4,5,"Male/Female","Gunner",8,"6","9","O--","HearProtct",2,"WindPress",5,"Terrain",-2,,,,
"Kushala Crus S","16000z","Daora Carapace",3,"DaoraDragonScal+",4,"Daora Sharp Claw",1,"Union Ore",3,66,0,-2,-3,2,4,"Male/Female","Blade",8,"6","8","O--","Poison",-3,"Terrain",4,"Fast Chrge",2,,,,
"Kushala Shank S","16000z","Daora Carapace",3,"DaoraDragonScal+",4,"Daora Sharp Claw",1,"Union Ore",3,32,2,-2,-2,3,5,"Male/Female","Gunner",8,"6","8","O--","Poison",-3,"Terrain",4,"Fast Chrge",2,,,,
"Kirin Leg Guards S","16000z","Kirin Hide+",1,"Kirin Hide",3,"Rubbery Hide+",2,"Thunder Sac",3,66,0,4,-1,2,0,"Male/Female","Blade",8,"5","9","O--","ElementAtk",2,"All Resist",5,"Everlastng",-2,,,,
"Kirin Boots S","16000z","Kirin Hide+",1,"Kirin Hide",3,"Rubbery Hide+",2,"Thunder Sac",3,32,1,6,0,4,1,"Male/Female","Gunner",8,"5","9","O--","ElementAtk",2,"All Resist",5,"Everlastng",-2,,,,
"Auroros Pants Haku","16000z","Lao-Shan Scale+",5,"Fire Drgn Scl+",2,"Rathian Ruby",1,"Commendation",3,66,-2,0,-4,2,2,"Male","Blade",8,"6","9","OO-","Faint",-1,"Rec Speed",2,"Guard",2,"Guard Up",2,,
"Genesis Pants Haku","16000z","Lao-Shan Scale+",5,"Fire Drgn Scl+",2,"Rathian Ruby",1,"Commendation",3,32,1,2,-2,3,3,"Male","Gunner",8,"6","9","OO-","Faint",-1,"Rec Speed",2,"Load",4,,,,
"Borealis Pants Haku","16000z","Lao-Shan Scale+",5,"Fire Drgn Scl+",2,"Rathian Ruby",1,"Commendation",3,66,-2,0,-4,2,2,"Female","Blade",8,"6","9","OO-","Faint",-1,"Rec Speed",2,"Guard",2,"Guard Up",2,,
"Glyph Pants Haku","16000z","Lao-Shan Scale+",5,"Fire Drgn Scl+",2,"Rathian Ruby",1,"Commendation",3,32,1,2,-2,3,3,"Female","Gunner",8,"6","9","OO-","Faint",-1,"Rec Speed",2,"Load",4,,,,
"UltimateIndraLggings","21000z","Gaoren Carapace",2,"Gaoren Thoracic",1,"DaoraDragonScal+",2,"Rare Scarab",3,70,-2,2,-2,3,2,"Male/Female","Blade",8,"6","9","O--","Guard",5,"Cooking",-2,"Quake Res",2,,,,
"SupremSteadfastBoots","21000z","Gaoren Carapace",2,"Gaoren Thoracic",1,"DaoraDragonScal+",2,"Rare Scarab",3,34,0,3,-1,5,3,"Male/Female","Gunner",8,"6","9","O--","Recoil",4,"Fate",1,"Cooking",-2,"Quake Res",2,,
"Kaiser Greaves S","21000z","Teostra Carapace",4,"Fire Dragon Pwdr",2,"Firecell Stone",2,"ElderDragonBlood",3,70,5,0,-2,-1,0,"Male/Female","Blade",8,"6","9","O--","Expert",5,"Cold Res",-2,"Fatigue",2,,,,
"Kaiser Leggings S","21000z","Teostra Carapace",4,"Fire Dragon Pwdr",2,"Firecell Stone",2,"ElderDragonBlood",3,34,6,2,-1,1,0,"Male/Female","Gunner",8,"6","9","O--","Expert",5,"Cold Res",-2,"Fatigue",2,,,,
"Dragonfeet S","22222z","Fatalis Scale",3,"Fatalis Shell",2,"Fatalis Webbing",1,"Rathian Plate",3,70,0,2,-5,2,2,"Male/Female","Blade",8,"6!","10","O--","Sharpness",1,"Fencing",3,"Expert",-2,"Protection",-3,,
"Dragonlegs S","22222z","Fatalis Scale",3,"Fatalis Shell",2,"Fatalis Webbing",1,"Rathian Plate",3,34,2,4,-2,4,3,"Male/Female","Gunner",8,"6!","10","O--","Expert",-2,"NormalS Up",3,"Protection",-3,"Speed Fire",1,,
"Dark Akantor Hessian","21000z","Akantor Claw",2,"Akantor Shell",2,"Akantor Scale",3,"FireWyvrn BrnStm",5,70,2,-1,-4,3,4,"Male/Female","Blade",8,"6","9","O--","Artisan",2,"Expert",4,"HearProtct",1,"Fast Chrge",-2,,
"Dark Akantor Boots","21000z","Akantor Claw",2,"Akantor Shell",2,"Akantor Scale",3,"FireWyvrn BrnStm",5,34,3,0,-2,4,5,"Male/Female","Gunner",8,"6","9","O--","Expert",4,"HearProtct",1,"Loading",2,"Fast Chrge",-2,,
"Shinobi Boots (Sky)","16000z","Fatalis Webbing",1,"Commendation",1,"Rainbow Ore",2,"Pnk Rathian Cpc",3,28,2,4,2,-6,-3,"Male/Female","Blade/Gunner",8,"6!","10","OO-","Spc Attack",2,"Cold Res",-2,"Evade",3,,,,
"Shinobi Boots (Sea)","16000z","Fatalis Webbing",1,"Commendation",1,"Rainbow Ore",2,"Pnk Rathian Cpc",3,28,2,4,2,-6,-3,"Male/Female","Blade/Gunner",8,"6!","10","OOO","Sneak",-1,"Hunger",2,"Wide Area",2,,,,
"Guardian Boots U","16000z","Union Ore",3,"Great Ladybug",4,"Expert Ticket",2,"Fire Coin",3,28,0,0,0,0,0,"Male","Blade/Gunner",8,"4","7","OO-","Protection",2,"Stamina",-1,"Gunnery",4,,,,
"Guardian Pants U","16000z","Union Ore",3,"Great Ladybug",4,"Expert Ticket",2,"Kirin Coin",3,28,0,0,0,0,0,"Male","Blade/Gunner",8,"4","7","OOO","Sneak",-1,"Protection",2,"Wide Area",2,,,,
"Helper Socks U","16000z","Union Ore",3,"Great Ladybug",4,"Expert Ticket",2,"Fire Coin",3,28,0,0,0,0,0,"Female","Blade/Gunner",8,"4","7","OO-","Protection",2,"Stamina",-1,"Gunnery",4,,,,
"Healer Socks U","16000z","Union Ore",3,"Great Ladybug",4,"Expert Ticket",2,"Kirin Coin",3,28,0,0,0,0,0,"Female","Blade/Gunner",8,"4","7","OOO","Sneak",-1,"Protection",2,"Wide Area",2,,,,
"Melahoa Roots U","7800z","King Scarab",4,"Dosbiscus",4,"FlynMealPassPlus",1,"Max Potion",2,48,0,1,0,1,0,"Male/Female","Blade",8,"4","7","OO-","Health",-1,"Gathering",3,"HiSpdGathr",2,"Recovery",1,,
"Melahoa Taproot U","7800z","King Scarab",4,"Dosbiscus",4,"FlynMealPassPlus",1,"Max Potion",2,24,0,1,0,2,0,"Male/Female","Gunner",8,"4","7","OO-","Health",-1,"Gathering",3,"HiSpdGathr",2,"Recovery",1,,
"Makluva Pants U","9000z","Cephalos Scale+",8,"Springnight Carp",4,"Ancient Fish",1,"Book of Combos 1",1,52,0,-2,0,2,0,"Male/Female","Blade",8,"4","7","OOO","MixSucRate",3,"Alchemy",2,,,,,,
"Makluva Leggings U","9000z","Cephalos Scale+",8,"Springnight Carp",4,"Ancient Fish",1,"Book of Combos 1",1,26,0,-1,0,3,0,"Male/Female","Gunner",8,"4","7","OO-","MixSucRate",5,"Alchemy",2,,,,,,
"Monodevil Greaves U","9900z","WhtMnoblosThrcic",2,"Wht Monoblos Cpc",5,"Wht Monoblos Hrn",2,"Rare Scarab",3,58,2,-2,-1,-1,-1,"Male/Female","Blade",8,"10","8!","OO-","Artisan",2,"Expert",1,"Protection",-2,"Potential",2,,
"Monodevil Leggings U","9900z","WhtMnoblosThrcic",2,"Wht Monoblos Cpc",5,"Wht Monoblos Hrn",2,"Rare Scarab",3,28,4,0,0,2,0,"Male/Female","Gunner",8,"10","8!","OO-","Expert",1,"Protection",-2,"Potential",2,"Loading",2,,
"RathianHeartGreavesU","13950z","Pnk Rathian Cpc",2,"PnkRathian Scl+",4,"Hrd Monster Bone",3,"Nova Crystal",1,60,2,-2,-4,0,0,"Male/Female","Blade",8,"6","9","OO-","Antiseptic",1,"Sneak",-1,"Whim",3,"Recovery",2,,
"RthianHeartLeggingsU","13950z","Pnk Rathian Cpc",2,"PnkRathian Scl+",4,"Hrd Monster Bone",3,"Nova Crystal",1,28,4,0,-2,2,2,"Male/Female","Gunner",8,"6","9","OO-","Antiseptic",1,"Sneak",-1,"Whim",3,"Recovery",2,,
"RathalosSoulGreavesU","14500z","Azre Rathlos Cpc",2,"Azr Rathlos Scl+",3,"Rathalos Ruby",1,"Nova Crystal",1,62,2,2,-4,-1,0,"Male/Female","Blade",8,"6","9","OO-","Health",-2,"Expert",2,"HearProtct",3,,,,
"RthalosSoulLeggingsU","14500z","Azre Rathlos Cpc",2,"Azr Rathlos Scl+",3,"Rathalos Ruby",1,"Nova Crystal",1,28,4,5,-2,2,1,"Male/Female","Gunner",8,"6","9","OO-","Health",-2,"Expert",2,"HearProtct",3,,,,
"Golden Moon Greaves","15100z","Gld Rathian Cpc",3,"Gld Rathian Scl+",3,"Rathian Plate",1,"Rathian Ruby",1,62,2,-2,1,0,0,"Male/Female","Blade",8,"6","9","OO-","Health",3,"Whim",-1,"Fate",3,,,,
"Golden Moon Leggings","15100z","Gld Rathian Cpc",3,"Gld Rathian Scl+",3,"Rathian Plate",1,"Rathian Ruby",1,31,4,0,2,2,1,"Male/Female","Gunner",8,"6","9","OO-","Health",3,"Whim",-1,"Fate",3,,,,
"Silver Sol Greaves","16000z","Slvr Rathlos Cpc",2,"Slvr Ratlos Scl+",3,"Rathalos Ruby",1,"Rare Scarab",3,64,2,-1,1,-1,0,"Male/Female","Blade",8,"6","9","OO-","Fencing",2,"Attack",3,"Defence",-2,,,,
"Silver Sol Leggings","16000z","Slvr Rathlos Cpc",2,"Slvr Ratlos Scl+",3,"Rathalos Ruby",1,"Rare Scarab",3,32,4,1,2,2,1,"Male/Female","Gunner",8,"6","9","OO-","PierceS Up",2,"ElementAtk",1,"Attack",2,"Defence",-2,,
"Auroros Pants Ten","32500z","Azure LaoS Shell",5,"Lunastra Horn",3,"Chameleos Spike",3,"Commendation",3,64,-2,0,-4,2,2,"Male","Blade",8,"5","5!9","OO-","Faint",-2,"Rec Speed",3,"Fencing",2,,,,
"Genesis Pants Ten","32500z","Azure LaoS Shell",5,"Lunastra Horn",3,"Chameleos Spike",3,"Commendation",3,30,1,2,-2,3,3,"Male","Gunner",8,"5","5!9","OO-","Faint",-2,"Rec Speed",3,"PierceS Up",2,,,,
"Borealis Pants Ten","32500z","Azure LaoS Shell",5,"Lunastra Horn",3,"Chameleos Spike",3,"Commendation",3,64,-2,0,-4,2,2,"Female","Blade",8,"5","5!9","OO-","Faint",-2,"Rec Speed",3,"Fencing",2,,,,
"Glyph Pants Ten","32500z","Azure LaoS Shell",5,"Lunastra Horn",3,"Chameleos Spike",3,"Commendation",3,30,1,2,-2,3,3,"Female","Gunner",8,"5","5!9","OO-","Faint",-2,"Rec Speed",3,"PierceS Up",2,,,,
"Fatalis Feet","33333z","Fatalis CrmsnScl",3,"Fatalis CrmsnShl",2,"Fatalis CrmsnWng",1,"Rathian Plate",3,68,0,2,-5,2,2,"Male/Female","Blade",8,"6!","10","O--","Artisan",2,"Defence",-2,"Protection",-3,"Stamina",2,,
"Fatalis Legs","33333z","Fatalis CrmsnScl",3,"Fatalis CrmsnShl",2,"Fatalis CrmsnWng",1,"Rathian Plate",3,32,2,4,-2,4,3,"Male/Female","Gunner",8,"6!","10","O--","Defence",-2,"Protection",-3,"Stamina",2,"Loading",2,,
"White Fatalis Feet","44444z","Wht Fatalis Scl",3,"Wht Fatalis Cpc",2,"Wht Fatalis Wbng",1,"Lao-Shan's Ruby",1,71,0,2,-5,2,2,"Male/Female","Blade",8,"6!","10","O--","Sharpness",-2,"Artisan",2,"Fencing",2,"Protection",-3,,
"White Fatalis Legs","44444z","Wht Fatalis Scl",3,"Wht Fatalis Cpc",2,"Wht Fatalis Wbng",1,"Lao-Shan's Ruby",1,35,2,4,-2,4,3,"Male/Female","Gunner",8,"6!","10","O--","Protection",-3,"Stamina",-2,"Loading",2,"Fast Chrge",2,,
"Kut-Ku Greaves X","12800z","Lucky Kut-KuEar",1,"Kut-Ku Hvy Cpc",2,"Kut-Ku Hrd Wbbng",2,"Ioprey Hide+",2,78,2,0,-1,-2,-2,"Male/Female","Blade",9,"7","10","OOO","Rec Speed",2,"Attack",2,"Defence",-2,,,,
"Kut-Ku Leggings X","12800z","Lucky Kut-KuEar",1,"Kut-Ku Hvy Cpc",2,"Kut-Ku Hrd Wbbng",2,"Ioprey Hide+",2,38,5,3,0,1,-1,"Male/Female","Gunner",9,"7","10","OO-","Rec Speed",5,"Attack",2,"Defence",-2,,,,
"Conga Greaves X","13300z","Congalala Pelt G",3,"Bullfango Pelt+",2,"Stout Bone",2,"Carbalite Ore",4,80,-3,2,0,2,-1,"Male/Female","Blade",9,"7","10","OO-","Antiseptic",3,"Hunger",-2,"Attack",4,,,,
"Conga Leggings X","13300z","Congalala Pelt G",3,"Bullfango Pelt+",2,"Stout Bone",2,"Carbalite Ore",4,40,-1,4,1,4,0,"Male/Female","Gunner",9,"7","10","OO-","Antiseptic",3,"Hunger",-2,"Attack",4,,,,
"Gypceros Greaves X","13300z","Rubbery Hide G",4,"Monster Broth+",2,"Pure Crystal",1,"Remobra Skin G",1,80,-4,4,0,1,1,"Male/Female","Blade",9,"7","10","OO-","Poison",1,"Recovery",-3,"Carving",5,,,,
"Gypceros Leggings X","13300z","Rubbery Hide G",4,"Monster Broth+",2,"Pure Crystal",1,"Remobra Skin G",1,40,-1,6,0,4,3,"Male/Female","Gunner",9,"7","10","OO-","Recovery",-3,"Carving",3,"PoisnCtAdd",3,,,,
"Khezu Greaves X","13800z","Khezu Hide-Gloss",2,"ChoiceKhezuSteak",1,"Thunder Sac",2,"Lifepowder",3,82,-3,4,0,3,1,"Male/Female","Blade",9,"7","10","OO-","Paralysis",3,"Faint",-2,"Recovery",4,,,,
"Khezu Leggings X","13800z","Khezu Hide-Gloss",2,"ChoiceKhezuSteak",1,"Thunder Sac",2,"Lifepowder",3,40,-1,6,0,5,2,"Male/Female","Gunner",9,"7","10","OO-","Paralysis",3,"Faint",-2,"Recovery",4,,,,
"Hermitaur Greaves X","13800z","HermitaurClaw G",2,"Hermitaur HvyCpc",3,"Black Pearl+",1,"Dragonite Ore",15,82,-3,-4,1,3,0,"Male/Female","Blade",9,"7","10","OO-","Guard Up",1,"BombStrUp",3,"Defence",3,"All Resist",-2,,
"Hermitaur Leggings X","13800z","HermitaurClaw G",2,"Hermitaur HvyCpc",3,"Black Pearl+",1,"Dragonite Ore",15,40,-1,-2,2,5,1,"Male/Female","Gunner",9,"7","10","OO-","Guard Up",1,"CragS Add",3,"Defence",3,"All Resist",-2,,
"Hypnoc Greaves X","13800z","Hypnoc Feather+",4,"Hypnoc StrngClaw",3,"Sleep Sac",4,"Rubbery Hide G",2,82,-2,0,1,2,1,"Male/Female","Blade",9,"7","10","OO-","Paralysis",-2,"Sleep",4,"Technique",3,,,,
"Hypnoc Leggings X","13800z","Hypnoc Feather+",4,"Hypnoc StrngClaw",3,"Sleep Sac",4,"Rubbery Hide G",2,40,0,2,2,4,3,"Male/Female","Gunner",9,"7","10","OO-","Paralysis",-2,"Sleep",1,"SleepCtAdd",3,"Technique",3,,
"Basarios Greaves X","13800z","Basarios Hvy Cpc",3,"Hvy Monster Bone",2,"Toxin Sac",3,"Etherlite Ore",4,84,0,2,-2,2,1,"Male/Female","Blade",9,"8","10","OO-","Attack",-2,"Defence",4,"Protection",3,,,,
"Basarios Leggings X","13800z","Basarios Hvy Cpc",3,"Hvy Monster Bone",2,"Toxin Sac",3,"Etherlite Ore",4,42,2,4,0,4,2,"Male/Female","Gunner",9,"8","10","OO-","Attack",-2,"Defence",4,"Protection",3,,,,
"Plesioth Greaves X","14250z","Plsioth Thck Scl",4,"Plesioth Fin G",2,"Cephalos Fin+",3,"Carbalite Ore",6,84,-4,-4,0,4,2,"Male/Female","Blade",9,"7","10","OO-","Stamina",3,"Technique",-3,"Trapper",3,,,,
"Plesioth Leggings X","14250z","Plsioth Thck Scl",4,"Plesioth Fin G",2,"Cephalos Fin+",3,"Carbalite Ore",6,42,-2,-2,1,6,3,"Male/Female","Gunner",9,"7","10","OO-","Stamina",3,"Technique",-3,"Trapper",3,,,,
"Monoblos Greaves X","14750z","Melange Ore",3,"Majestic Red Hrn",2,"Monoblos Carpce",5,"PhantomButterfly",3,88,2,-2,-1,-1,-1,"Male/Female","Blade",9,"7!","8!","OO-","Expert",4,"Protection",-2,"PsychicVis",2,"Potential",1,,
"Monoblos Leggings X","14750z","Melange Ore",3,"Majestic Red Hrn",2,"Monoblos Carpce",5,"PhantomButterfly",3,44,4,0,0,2,0,"Male/Female","Gunner",9,"7!","8!","OO-","Expert",4,"Protection",-2,"PsychicVis",2,"Potential",1,,
"Garuga Greaves X","14750z","Garuga Scale G",5,"Garuga Hvy Cpc",3,"Garuga StrngWng",2,"Rare Scarab",4,88,2,2,0,0,0,"Male/Female","Blade",9,"8","10","OO-","Rec Speed",-2,"SwdShrpner",5,"HearProtct",2,,,,
"Garuga Leggings X","14750z","Garuga Scale G",5,"Garuga Hvy Cpc",3,"Garuga StrngWng",2,"Rare Scarab",4,44,3,3,0,2,1,"Male/Female","Gunner",9,"8","10","OO-","Rec Speed",-2,"HearProtct",2,"RazorCtAdd",5,,,,
"Blango Greaves X","14750z","Blangonga Pelt G",3,"Blango Pelt+",5,"Colossal Bone",2,"Bullfango Pelt+",4,88,-4,0,1,2,3,"Male/Female","Blade",9,"8","10","OO-","Snow Res",5,"ElementAtk",2,"Heat Res",-2,,,,
"Blango Leggings X","14750z","Blangonga Pelt G",3,"Blango Pelt+",5,"Colossal Bone",2,"Bullfango Pelt+",4,44,-3,1,2,4,5,"Male/Female","Gunner",9,"8","10","OO-","Snow Res",5,"ElementAtk",2,"Heat Res",-2,,,,
"Ceanataur Greaves X","15100z","CeanataurHvyCpc",2,"CeanataurHvyLeg",3,"Hrd Monster Bone",4,"Black Pearl+",1,89,1,-1,0,2,-1,"Male/Female","Blade",9,"8","10","OO-","Health",-4,"Fencing",1,"Drawn Crit",4,,,,
"Ceanataur Leggings X","15100z","CeanataurHvyCpc",2,"CeanataurHvyLeg",3,"Hrd Monster Bone",4,"Black Pearl+",1,44,2,0,2,4,0,"Male/Female","Gunner",9,"8","10","OO-","Health",-3,"PierceSAdd",5,"Loading",1,,,,
"Rathian Greaves X","15600z","Rathian Hvy Cpc",2,"Rathian Thck Scl",3,"Blaze Sac",2,"Emperor Locust",4,90,2,-2,-4,0,0,"Male/Female","Blade",9,"8","10","OO-","Health",5,"SwdShrpner",-2,"Recovery",2,,,,
"Rathian Leggings X","15600z","Rathian Hvy Cpc",2,"Rathian Thck Scl",3,"Blaze Sac",2,"Emperor Locust",4,44,4,0,-2,2,2,"Male/Female","Gunner",9,"8","10","OO-","Health",5,"Recovery",2,"Precision",-2,,,,
"Naruga Greaves X","15600z","Naruga Blk Pelt",4,"Naruga Thck Scl",3,"NarugaDvinePlate",1,"Remobra Skin G",4,90,-4,-3,0,3,2,"Male/Female","Blade",9,"8","10","OOO","Attack",-3,"Evade",3,"Evade Inc",1,,,,
"Naruga Leggings X","15600z","Naruga Blk Pelt",4,"Naruga Thck Scl",3,"NarugaDvinePlate",1,"Remobra Skin G",4,44,-2,-1,1,4,3,"Male/Female","Gunner",9,"8","10","OO-","Attack",-2,"Evade",2,"Evade Inc",3,"Set Trap",2,,
"Volganos Greaves X","16100z","Volganos Hvy Cpc",3,"Volganos Fin+",1,"Volganos Thk Scl",4,"Ioprey Hide+",5,92,4,0,1,-3,0,"Male/Female","Blade",9,"8","10","OO-","MixSucRate",-2,"Terrain",2,"Survival",3,"Fast Chrge",2,,
"Volganos Leggings X","16100z","Volganos Hvy Cpc",3,"Volganos Fin+",1,"Volganos Thk Scl",4,"Ioprey Hide+",5,46,5,2,2,-1,2,"Male/Female","Gunner",9,"8","10","O--","MixSucRate",-2,"Terrain",5,"Survival",1,"Fast Chrge",3,,
"Tigrex Greaves X","16100z","Tigrex Hvy Cpc",2,"Tigrex Thck Scl",4,"TigrexDvinePlate",1,"Emperor Locust",6,92,3,-2,-1,2,3,"Male/Female","Blade",9,"9","10","OOO","Protection",-3,"HearProtct",2,"Cooking",2,,,,
"Tigrex Leggings X","16100z","Tigrex Hvy Cpc",2,"Tigrex Thck Scl",4,"TigrexDvinePlate",1,"Emperor Locust",6,46,4,-1,0,3,4,"Male/Female","Gunner",9,"9","10","OO-","Protection",-2,"HearProtct",2,"Cooking",3,"Observance",2,,
"Rathalos Greaves X","16100z","Rathalos Hvy Cpc",4,"FireWyvrnHrdClaw",4,"RathlosDvnePlate",1,"Emperor Locust",6,92,2,2,-4,-1,-3,"Male/Female","Blade",9,"8","10","OO-","Attack",5,"Drawn Crit",2,"Fast Chrge",-2,,,,
"Rathalos Leggings X","16100z","Rathalos Hvy Cpc",4,"FireWyvrnHrdClaw",4,"RathlosDvnePlate",1,"Emperor Locust",6,46,4,5,-2,0,-1,"Male/Female","Gunner",9,"8","10","OO-","NormalS Up",2,"Attack",5,"Fast Chrge",-2,,,,
"Diablo Greaves X","16100z","Diablos Hvy Cpc",3,"Diablos HvySpne",2,"Etherlite Ore",4,"Melange Ore",2,92,3,1,0,-1,-2,"Male/Female","Blade",9,"9","10","OO-","Attack",6,"WindPress",1,"Map",-2,,,,
"Diablo Leggings X","16100z","Diablos Hvy Cpc",3,"Diablos HvySpne",2,"Etherlite Ore",4,"Melange Ore",2,46,5,4,0,2,-1,"Male/Female","Gunner",9,"9","10","OO-","Attack",6,"WindPress",1,"Map",-2,,,,
"Gravios Greaves X","16100z","Gravios Hvy Cpc",3,"Gravios Carapace",6,"Hvy Monster Bone",2,"Lg Wyvern Stone",1,92,2,2,-2,-2,0,"Male/Female","Blade",9,"9","10","OO-","Health",3,"Guard",3,"Guard Up",1,"Technique",-2,,
"Gravios Leggings X","16100z","Gravios Hvy Cpc",3,"Gravios Carapace",6,"Hvy Monster Bone",2,"Lg Wyvern Stone",1,46,4,3,0,1,1,"Male/Female","Gunner",9,"9","10","OO-","Health",-3,"Guard Up",1,"Recoil",3,"Technique",-2,,
"Kut-Ku Greaves Z","12800z","Lucky Kut-KuEar",1,"BlueKut-KuHvyCpc",2,"Kut-Ku Hrd Wbbng",2,"Ioprey Hide+",2,80,2,0,-1,-2,-2,"Male/Female","Blade",9,"7","10","OOO","Health",-3,"Expert",1,"WindPress",3,,,,
"Kut-Ku Leggings Z","12800z","Lucky Kut-KuEar",1,"BlueKut-KuHvyCpc",2,"Kut-Ku Hrd Wbbng",2,"Ioprey Hide+",2,40,5,3,0,1,-1,"Male/Female","Gunner",9,"7","10","OOO","Health",-2,"Expert",1,"Load",3,,,,
"Conga Greaves Z","13300z","GrnCongalalaPelt",3,"Remobra Skin G",1,"Colossal Bone",2,"Etherlite Ore",4,82,2,1,0,1,-3,"Male/Female","Blade",9,"7","10","OO-","Sharpness",-2,"Guard Up",2,"Cooking",2,"Quake Res",3,,
"Conga Leggings Z","13300z","GrnCongalalaPelt",3,"Remobra Skin G",1,"Colossal Bone",2,"Etherlite Ore",4,42,4,3,0,3,-1,"Male/Female","Gunner",9,"7","10","OO-","Guard Up",2,"PelletSAdd",3,"Cooking",2,"Fast Chrge",-2,,
"Gypceros Greaves Z","13300z","Pur Gyp StrngWng",3,"Monster Broth+",2,"Antiseptic Stone",10,"Remobra Skin G",2,82,-4,4,0,1,1,"Male/Female","Blade",9,"7","10","OOO","Faint",2,"Hunger",-3,"Stamina",2,,,,
"Gypceros Leggings Z","13300z","Pur Gyp StrngWng",3,"Monster Broth+",2,"Antiseptic Stone",10,"Remobra Skin G",2,42,-1,6,0,4,3,"Male/Female","Gunner",9,"7","10","OOO","Faint",2,"Hunger",-3,"Stamina",2,,,,
"Khezu Greaves Z","13800z","Alluring Wing",2,"Pale Khezu Steak",1,"Lightning Sac",2,"Lifepowder",3,84,3,4,0,-3,0,"Male/Female","Blade",9,"7","10","OO-","Protection",-2,"HearProtct",2,"Wide Area",5,,,,
"Khezu Leggings Z","13800z","Alluring Wing",2,"Pale Khezu Steak",1,"Lightning Sac",2,"Lifepowder",3,42,5,6,0,-1,1,"Male/Female","Gunner",9,"7","10","OO-","Protection",-2,"HearProtct",3,"Wide Area",4,,,,
"Hermitaur Greaves Z","13800z","Pur HermitaurClw",2,"Pur HermitaurShl",3,"Razor Claw",3,"Carbalite Ore",6,84,0,-2,1,3,-4,"Male/Female","Blade",9,"7","10","OO-","Guard",3,"Attack",3,"Stamina",-2,"Survival",1,,
"Hermitaur Leggings Z","13800z","Pur HermitaurClw",2,"Pur HermitaurShl",3,"Razor Claw",3,"Carbalite Ore",6,42,1,-1,2,6,-2,"Male/Female","Gunner",9,"7","10","OO-","Load",-2,"Recoil",3,"ClustS Add",3,"Survival",1,,
"Plesioth Greaves Z","14250z","GrnPlsiothThkScl",4,"GrnPlsioth Fin G",2,"Coral Cphlos Fin",1,"Etherlite Ore",4,86,-4,-4,0,4,2,"Male/Female","Blade",9,"7","10","OO-","Hunger",3,"Stamina",3,"Technique",-3,,,,
"Plesioth Leggings Z","14250z","GrnPlsiothThkScl",4,"GrnPlsioth Fin G",2,"Coral Cphlos Fin",1,"Etherlite Ore",4,44,-2,-2,1,6,3,"Male/Female","Gunner",9,"7","10","OO-","Hunger",3,"Stamina",3,"Technique",-3,,,,
"Blango Greaves Z","14750z","Brwn BlngngaPelt",3,"Brwn BlngngaFang",1,"Wht Monoblos Cpc",4,"Colossal Bone",2,90,3,2,1,0,-3,"Male/Female","Blade",9,"8","10","OO-","Faint",3,"Sharpness",3,"Attack",1,"Cold Res",-2,,
"Blango Leggings Z","14750z","Brwn BlngngaPelt",3,"Brwn BlngngaFang",1,"Wht Monoblos Cpc",4,"Colossal Bone",2,46,5,4,2,1,-2,"Male/Female","Gunner",9,"8","10","OO-","Faint",3,"NormalS Up",3,"Cold Res",-2,"Speed Fire",1,,
"Ceanataur Greaves Z","15100z","RedCeanataurShl",2,"CeanataurHvyLeg",3,"Firecell Stone",4,"Melange Ore",4,91,2,-1,0,1,0,"Male/Female","Blade",9,"8","10","OO-","Sharpness",3,"Artisan",2,"Defence",-4,,,,
"Ceanataur Leggings Z","15100z","RedCeanataurShl",2,"CeanataurHvyLeg",3,"Firecell Stone",4,"Melange Ore",4,46,4,0,2,2,1,"Male/Female","Gunner",9,"8","10","OO-","Load",4,"PierceS Up",2,"Defence",-3,,,,
"Diablo Greaves Z","16100z","Blk Blos Hvy Cpc",3,"Blk Blos Hvy Spn",2,"Hrd Monster Bone",6,"Melange Ore",3,94,3,1,0,-1,-2,"Male/Female","Blade",9,"9","10","OO-","Sharpness",2,"Expert",3,"Protection",-2,"HearProtct",2,,
"Diablo Leggings Z","16100z","Blk Blos Hvy Cpc",3,"Blk Blos Hvy Spn",2,"Hrd Monster Bone",6,"Melange Ore",3,48,5,4,0,2,-1,"Male/Female","Gunner",9,"9","10","OO-","Expert",3,"Load",2,"Protection",-2,"HearProtct",2,,
"Gravios Greaves Z","16100z","BlkGraviosHvyShl",3,"Blk Gravios Cpc",6,"Blaze Sac",3,"BlkGravDvnePlate",1,94,2,2,0,-2,1,"Male/Female","Blade",9,"9","10","OO-","ElementAtk",2,"Defence",5,"Stamina",-2,,,,
"Gravios Leggings Z","16100z","BlkGraviosHvyShl",3,"Blk Gravios Cpc",6,"Blaze Sac",3,"BlkGravDvnePlate",1,48,4,3,0,1,2,"Male/Female","Gunner",9,"9","10","OO-","ElementAtk",2,"Defence",5,"Stamina",-2,,,,
"Crystal Anklet","11000z","Pure Crystal",1,"Hg Lobstershell",1,"Etherlite Ore",3,,,30,0,0,0,0,0,"Male/Female","Blade/Gunner",10,"7","10","OOO",,,,,,,,,,
"Famitsu Cloth Wrap X","5600z","FamitsuSpcialTkt",5,"Commendation S",1,"Expert Coin G",6,"Fighter Coin G",3,40,4,4,4,4,4,"Male","Blade/Gunner",10,"9","10","---","Torso Inc",,,,,,,,,
"Famitsu Pants X","5600z","FamitsuSpcialTkt",5,"Commendation S",1,"Expert Coin G",6,"Fighter Coin G",3,40,4,4,4,4,4,"Female","Blade/Gunner",10,"9","10","---","Torso Inc",,,,,,,,,
"True Golden Hakama","23700z","Rajang Hard Horn",2,"Gold Rajang Pelt",2,"BlkRajangThkPelt",3,"DaoraDrgnThckScl",2,81,3,2,3,2,-2,"Male/Female","Blade",10,"9","10","OO-","Sneak",-2,"Artisan",3,"Dragon Res",3,,,,
"TruePuppetMastrSocks","23700z","BlkRajangThkPelt",4,"Rajang Hard Horn",3,"DaoraDrgnThckScl",2,"Remobra Skin G",2,40,4,3,4,3,-1,"Male/Female","Gunner",10,"9","10","OO-","Sneak",3,"NormalS Up",3,"Dragon Res",3,,,,
"Black Belt Greaves X","19800z","Kirin Hide G",1,"Expert Coin G",8,"Legendary Coin G",3,"Commendation S",1,82,1,1,1,1,1,"Male/Female","Blade",10,"9","10","---","Torso Inc",,,,,,,,,
"BlackBelt Leggings X","19800z","Azure LaoS Claw",1,"Expert Coin G",10,"Fighter Coin G",10,"Commendation G",1,42,3,3,3,3,3,"Male/Female","Gunner",10,"8","10","OOO","NormalS Up",1,"All Resist",4,"Potential",-2,,,,
"Obituary Gamba X","13800z","PhantomButterfly",3,"Great Hornfly",2,"Monster Broth+",4,"FireWyvrn BrnStm",3,84,3,3,2,-5,-4,"Male","Blade",10,"7","10","OOO","Cold Res",-2,"Gathering",2,"Evade",3,,,,
"Obituary Femur X","13800z","PhantomButterfly",3,"Great Hornfly",2,"Monster Broth+",4,"FireWyvrn BrnStm",3,42,4,5,2,-4,-3,"Male","Gunner",10,"7","10","OOO","Cold Res",-2,"Gathering",2,"Evade",3,,,,
"Butterfly Gamba X","13800z","PhantomButterfly",3,"Great Hornfly",2,"Monster Broth+",4,"FireWyvrn BrnStm",3,84,3,3,2,-5,-4,"Female","Blade",10,"7","10","OOO","Cold Res",-2,"Gathering",2,"Evade",3,,,,
"Butterfly Femur X","13800z","PhantomButterfly",3,"Great Hornfly",2,"Monster Broth+",4,"FireWyvrn BrnStm",3,42,4,5,2,-4,-3,"Female","Gunner",10,"7","10","OOO","Cold Res",-2,"Gathering",2,"Evade",3,,,,
"True Mizuha Leg Wrap","21000z","Chameleos Hide G",2,"ChameleosWbng G",3,"Melange Ore",5,"Commendation S",1,92,-4,0,-1,3,4,"Male/Female","Blade",10,"9","10","OO-","Sneak",1,"HearProtct",4,"Terrain",-2,"Daora Res",2,,
"TrueExtrvgntTrousers","21000z","Chameleos Hide G",2,"ChameleosWbng G",3,"Melange Ore",5,"Commendation S",1,46,-3,1,0,4,5,"Male/Female","Gunner",10,"9","10","OO-","Sneak",1,"HearProtct",4,"Terrain",-2,"Daora Res",2,,
"Kushala Crus X","24000z","Daora Hvy Carpce",3,"DaoraDrgnThckScl",4,"Melange Ore",5,"Commendation S",1,94,0,-2,-3,2,4,"Male/Female","Blade",10,"9","10","OO-","Poison",-2,"Sharpness",3,"Evade",2,"FireDrgRes",2,,
"Kushala Shank X","24000z","Daora Hvy Carpce",3,"DaoraDrgnThckScl",4,"Melange Ore",5,"Commendation S",1,48,2,-2,-2,3,5,"Male/Female","Gunner",10,"9","10","OO-","Poison",-2,"Load",2,"Recoil",3,"FireDrgRes",2,,
"Kirin Leg Guards X","24000z","Kirin Hide G",1,"Kirin Hide+",3,"Pur Gyp StrngWng",3,"Lightning Sac",2,96,0,4,-1,2,0,"Male/Female","Blade",10,"9","10","OO-","ElementAtk",1,"Protection",2,"All Resist",-2,"Stamina",4,,
"Kirin Boots X","24000z","Kirin Hide G",1,"Kirin Hide+",3,"Pur Gyp StrngWng",3,"Lightning Sac",2,48,1,6,0,4,1,"Male/Female","Gunner",10,"9","10","OO-","ElementAtk",1,"Protection",2,"All Resist",-2,"Stamina",4,,
"Empress Greaves X","27000z","Fire Drgn HvyScl",2,"Lunastra Carpace",4,"Fire Dragon Pwdr",2,"Fire Drgn Jwl",1,98,5,0,-2,-1,0,"Male/Female","Blade",10,"9!","8!","OO-","Wide Area",3,"Everlastng",-2,"Evade Inc",2,"ChmleosRes",2,,
"Empress Leggings X","27000z","Fire Drgn HvyScl",2,"Lunastra Carpace",4,"Fire Dragon Pwdr",2,"Fire Drgn Jwl",1,49,6,2,-1,1,0,"Male/Female","Gunner",10,"9!","8!","OO-","Wide Area",3,"Everlastng",-2,"Stamina",2,"ChmleosRes",2,,
"True Indra Leggings","31500z","Gaoren Hvy Cpc",2,"Gaoren Hvy Spn",1,"DaoraDrgnThckScl",2,"PhantomButterfly",2,100,-2,2,-2,3,2,"Male/Female","Blade",10,"9","10","OO-","Guard",3,"Cooking",-2,"Survival",4,,,,
"True Steadfast Boots","31500z","Gaoren Hvy Cpc",2,"Gaoren Hvy Spn",1,"DaoraDrgnThckScl",2,"PhantomButterfly",2,50,0,3,-1,5,3,"Male/Female","Gunner",10,"9","10","OO-","Recoil",3,"Cooking",-2,"Survival",4,,,,
"Kaiser Greaves X","31500z","Teostra Hvy Cpc",4,"Ancient DrgnBone",3,"Fire Dragon Pwdr",2,"Commendation S",1,100,5,0,-2,-1,0,"Male/Female","Blade",10,"9","10","OO-","Fencing",2,"Expert",3,"Everlastng",-2,"ChmleosRes",2,,
"Kaiser Leggings X","31500z","Teostra Hvy Cpc",4,"Ancient DrgnBone",3,"Fire Dragon Pwdr",2,"Commendation S",1,50,6,2,-1,1,0,"Male/Female","Gunner",10,"9","10","OO-","Expert",3,"Everlastng",-2,"ChmleosRes",2,"Speed Fire",2,,
"TrueGuardnSpritBoots","31500z","Dragonwood G",1,"Yamatsukami Skin",4,"ElderDragonBlood",6,"Commendation S",1,100,2,3,-2,2,-2,"Male/Female","Blade",10,"9","10","OO-","Paralysis",3,"Fencing",3,"Hunger",-2,"Cooking",1,,
"True Carnage Boots","31500z","Dragonwood G",1,"Yamatsukami Skin",4,"ElderDragonBlood",6,"Commendation S",1,50,4,5,-1,3,-1,"Male/Female","Gunner",10,"9","10","OO-","Hunger",-2,"Loading",3,"Cooking",1,"Para CtAdd",3,,
"Dragonfeet X","44444z","Fatalis Thck Scl",3,"Fatalis Hvy Shl",2,"Fatalis Hrd Wbng",1,"Rathian Ruby",3,100,0,2,-5,2,2,"Male/Female","Blade",10,"9","10","OO-","Sharpness",1,"Dragon Res",-3,"Evade Inc",3,"Status Res",2,,
"Dragonlegs X","44444z","Fatalis Thck Scl",3,"Fatalis Hvy Shl",2,"Fatalis Hrd Wbng",1,"Rathian Ruby",3,50,2,4,-2,4,3,"Male/Female","Gunner",10,"9","10","OO-","PierceS Up",1,"Dragon Res",-3,"Evade Inc",3,"Status Res",2,,
"Ucamulbas Hessian","31500z","Ucamulbas Scale",2,"Ucamulbas Shell",4,"YamatsukamiFluid",4,"Ucamu Divine Jwl",1,100,-4,-2,0,3,5,"Male/Female","Blade",10,"9","10","OO-","Artisan",1,"Fencing",3,"Protection",-2,"Quake Res",3,,
"Ucamulbas Boots","31500z","Ucamulbas Scale",2,"Ucamulbas Shell",4,"YamatsukamiFluid",4,"Ucamu Divine Jwl",1,50,-2,0,1,5,6,"Male/Female","Gunner",10,"9","10","OO-","Load",6,"Protection",-2,"Loading",1,,,,
"Melahoa Roots Z","11700z","Emperor Locust",5,"Dosbiscus",5,"FlynMealPassPlus",2,"Monster Broth+",3,78,0,1,0,1,0,"Male/Female","Blade",10,"7","10","OO-","HiSpdGathr",2,"Whim",-2,"Evade Inc",2,"Set Trap",3,,
"Melahoa Taproot Z","11700z","Emperor Locust",5,"Dosbiscus",5,"FlynMealPassPlus",2,"Monster Broth+",3,38,0,1,0,2,0,"Male/Female","Gunner",10,"7","10","OO-","HiSpdGathr",2,"Whim",-2,"Evade Inc",2,"Set Trap",3,,
"Makluva Pants Z","13300z","Etherlite Ore",4,"GrnPlsiothThkScl",4,"Springnight Carp",4,"Book of Combos 5",1,82,0,-2,0,2,0,"Male/Female","Blade",10,"7","10","OOO","MixSucRate",2,"Everlastng",5,,,,,,
"Makluva Leggings Z","13300z","Etherlite Ore",4,"GrnPlsiothThkScl",4,"Springnight Carp",4,"Book of Combos 5",1,42,0,-1,0,3,0,"Male/Female","Gunner",10,"7","10","OOO","MixSucRate",2,"Everlastng",5,,,,,,
"RathianHeartGreavesZ","21000z","PnkRathianHvyCpc",2,"PnkRathianThkScl",4,"Hvy Monster Bone",3,"Pure Crystal",1,92,2,-2,-4,0,0,"Male/Female","Blade",10,"8","10","OO-","Protection",2,"Wide Area",5,"Potential",-2,,,,
"RthianHeartLeggingsZ","21000z","PnkRathianHvyCpc",2,"PnkRathianThkScl",4,"Hvy Monster Bone",3,"Pure Crystal",1,46,4,0,-2,2,2,"Male/Female","Gunner",10,"8","10","OO-","Protection",2,"Wide Area",5,"Potential",-2,,,,
"RathalosSoulGreavesZ","21500z","AzrRathlosHvyCpc",2,"AzrRathlosThkScl",3,"RathlosDvnePlate",1,"Pure Crystal",1,94,2,2,-4,-1,0,"Male/Female","Blade",10,"8","10","OO-","Health",-2,"Expert",3,"HearProtct",4,,,,
"RthalosSoulLeggingsZ","21500z","AzrRathlosHvyCpc",2,"AzrRathlosThkScl",3,"RathlosDvnePlate",1,"Pure Crystal",1,48,4,5,-2,2,1,"Male/Female","Gunner",10,"8","10","OO-","Health",-2,"Expert",3,"HearProtct",4,,,,
"GoldenMoon Greaves Z","24000z","GldRathianHvyCpc",3,"GldRathianThkScl",3,"Rathian Ruby",1,"RathianDvnePlate",1,96,2,-2,1,0,0,"Male/Female","Blade",10,"9","10","OO-","Whim",-2,"Fate",4,"Trapper",3,,,,
"GldenMoon Leggings Z","24000z","GldRathianHvyCpc",3,"GldRathianThkScl",3,"Rathian Ruby",1,"RathianDvnePlate",1,48,4,0,2,2,1,"Male/Female","Gunner",10,"9","10","OO-","Whim",-2,"Fate",4,"Trapper",3,,,,
"Silver Sol Greaves Z","24500z","SlvrRthlosHvyCpc",2,"SlvrRthlosThkScl",3,"RathlosDvnePlate",1,"PhantomButterfly",3,98,2,-1,1,-1,0,"Male/Female","Blade",10,"9","10","OOO","Fencing",1,"Attack",3,"Defence",-3,,,,
"SilverSol Leggings Z","24500z","SlvrRthlosHvyCpc",2,"SlvrRthlosThkScl",3,"RathlosDvnePlate",1,"PhantomButterfly",3,50,4,1,2,2,1,"Male/Female","Gunner",10,"9","10","OOO","PierceS Up",1,"Attack",3,"Defence",-3,,,,
"Auroros Pants Kyoku","35500z","Lao-ShanThckScl",5,"Azure LaoS Claw",1,"RathianDvnePlate",1,"Commendation S",1,98,-2,0,-4,2,2,"Male","Blade",10,"8","10","OO-","Faint",-2,"Rec Speed",4,"Drawn Crit",3,,,,
"Genesis Pants Kyoku","35500z","Lao-ShanThckScl",5,"Azure LaoS Claw",1,"RathianDvnePlate",1,"Commendation S",1,50,1,2,-2,3,3,"Male","Gunner",10,"8","10","OO-","Faint",-2,"Rec Speed",4,"PelletS Up",3,,,,
"Borealis Pants Kyoku","35500z","Lao-ShanThckScl",5,"Azure LaoS Claw",1,"RathianDvnePlate",1,"Commendation S",1,98,-2,0,-4,2,2,"Female","Blade",10,"8","10","OO-","Faint",-2,"Rec Speed",4,"Drawn Crit",3,,,,
"Glyph Pants Kyoku","35500z","Lao-ShanThckScl",5,"Azure LaoS Claw",1,"RathianDvnePlate",1,"Commendation S",1,50,1,2,-2,3,3,"Female","Gunner",10,"8","10","OO-","Faint",-2,"Rec Speed",4,"PelletS Up",3,,,,
"Fatalis Feet Z","55555z","FataThkCrmsnScl",3,"FataHvyCrmsnShl",2,"FataHrdCrmsnWng",1,"NarugaDvinePlate",1,103,0,2,-5,2,2,"Male/Female","Blade",10,"9","10","OO-","Rec Speed",-3,"Artisan",2,"Evade",2,"Rage",2,,
"Fatalis Legs Z","55555z","FataThkCrmsnScl",3,"FataHvyCrmsnShl",2,"FataHrdCrmsnWng",1,"NarugaDvinePlate",1,53,2,4,-2,4,3,"Male/Female","Gunner",10,"9","10","OO-","Rec Speed",-3,"Evade",2,"Loading",2,"Rage",2,,
"Wht Fatalis Feet Z","66666z","WhtFatalisThkScl",3,"WhtFatalisHvyCpc",2,"Wht Fatalis Wng",1,"LaoS Dvine Plate",1,104,0,2,-5,2,2,"Male/Female","Blade",10,"9","10","OO-","Rec Speed",4,"Fate",-3,"SwdMastery",2,,,,
"Wht Fatalis Legs Z","66666z","WhtFatalisThkScl",3,"WhtFatalisHvyCpc",2,"Wht Fatalis Wng",1,"LaoS Dvine Plate",1,54,2,4,-2,4,3,"Male/Female","Gunner",10,"9","10","OO-","Rec Speed",4,"Fate",-3,"Marksman",2,,,,
