"Name","Price","Material 1","Amount","Material 2","Amount","Material 3","Amount","Material 4","Amount","Defense","Fire Res","Thunder Res","Dragon Res","Water Res","Ice Res","Gender","Hunter Type","Rarity","HR","Elder*","Slots","Skill 1","Skill Point","Skill 2","Skill Point","Skill 3","Skill Point","Skill 4","Skill Point","Skill 5","Skill Point"
,,,,,,,,,,,,,,,,,,,,,,,,,,,,,,,
"Mafumofu Coat","50z","Anteka Pelt",1,,,,,,,1,0,0,0,0,3,"Male/Female","Blade/Gunner",1,1,1,"O--","Protection",2,"Heat Res",-2,"Cold Res",4,"Map",1,,
"Light Belt","100z","Anteka Pelt",2,,,,,,,2,-2,2,-2,2,2,"Male/Female","Blade/Gunner",1,1,1,"O--","Backpackng",5,"Gathering",4,,,,,,
"Leather Belt","150z","Sm Monster Bone",2,"Anteka Pelt",1,,,,,2,2,0,0,0,0,"Male/Female","Blade/Gunner",1,1,1,"---","Throw",2,"Backpackng",1,"Gathering",3,"MixSucRate",3,"Cooking",-2
"Iron Belt","200z","Iron Ore",2,"Kelbi Hide",1,"Pin Tuna",2,,,4,4,-6,0,-4,-2,"Male/Female","Blade/Gunner",1,1,1,"O--","Hunger",4,"Fate",2,"Stamina",3,,,,
"Chain Belt","300z","Iron Ore",2,"Anteka Pelt",2,,,,,4,2,-2,0,2,1,"Male/Female","Blade/Gunner",1,1,1,"O--","Paralysis",-1,"Health",3,"Backpackng",2,"Map",1,"Whim",2
"Hunter Tasset","450z","Iron Ore",1,"Bullfango Pelt",3,,,,,8,0,-4,0,0,0,"Male/Female","Blade",1,1,1,"O--","Faint",-1,"PsychicVis",3,"Carving",2,"BBQ",3,,
"Hunter Coat","450z","Iron Ore",1,"Bullfango Pelt",3,,,,,6,2,-2,0,2,2,"Male/Female","Gunner",1,1,1,"O--","Faint",-1,"NormalS Up",3,"PsychicVis",3,"Carving",2,,
"Bone Tasset","650z","Unknown Skull",1,"Bullfango Pelt",1,"Anteka Pelt",2,,,14,2,-2,-2,2,-2,"Male/Female","Blade",2,1,2,"O--","Anti-Theft",3,"Map",-1,"PsychicVis",1,"Alchemy",2,"Horn",2
"Bone Coat","650z","Carpenterbug",2,"Bullfango Pelt",1,"Sm Bone Husk",3,,,8,5,0,0,5,-1,"Male/Female","Gunner",2,1,1,"O--","Anti-Theft",3,"Map",-1,"PsychicVis",1,"Alchemy",2,"BBQ",2
"Giaprey Tasset","750z","Giaprey Scale",3,"Earth Crystal",2,"Bullfango Pelt",1,,,16,0,1,-1,1,3,"Male/Female","Blade",2,1,2,"---","Torso Inc",,,,,,,,,
"Giaprey Coat","750z","Giaprey Scale",3,"Earth Crystal",2,"Bullfango Pelt",1,,,8,1,3,0,3,4,"Male/Female","Gunner",2,1,2,"---","Torso Inc",,,,,,,,,
"Battle Tasset","750z","Kelbi Hide",2,"Anteka Pelt",2,"Earth Crystal",2,"Whetstone",2,16,2,-2,0,-2,-1,"Male/Female","Blade",2,1,2,"O--","Health",2,"SwdShrpner",3,"Hunger",-2,"Attack",2,,
"Battle Coat","750z","Kelbi Hide",2,"Anteka Pelt",2,"Iron Ore",3,"Sm Bone Husk",3,10,4,0,2,0,0,"Male/Female","Gunner",2,1,2,"O--","Load",3,"Hunger",-2,"Attack",2,"Precision",2,,
"Hide Belt","950z","FireWyvern Fluid",2,"Bulldrome Hide",1,,,,,18,2,2,0,2,2,"Male/Female","Blade/Gunner",2,1,2,"---","HiSpdGathr",10,,,,,,,,
"Velociprey Tasset","1150z","Velociprey Hide",4,"Velociprey Scale",2,"Bullfango Pelt",1,"Carpenterbug",1,20,1,1,-1,1,0,"Male/Female","Blade",2,1,2,"O--","Paralysis",-2,"Faint",3,"SwdShrpner",2,"MixSucRate",2,,
"Velociprey Coat","1150z","Velociprey Hide",4,"Velociprey Scale",2,"Bullfango Pelt",1,"Carpenterbug",1,10,3,3,0,3,1,"Male/Female","Gunner",2,1,2,"O--","Paralysis",-2,"Faint",3,"PelletSAdd",2,"Shot Mix",2,,
"Vespoid Tasset","1150z","Vespoid Wing",4,"Iron Ore",4,"Disk Stone",3,,,20,-6,2,2,-5,-4,"Male/Female","Blade",3,1,1,"O--","Paralysis",3,"Poison",-2,"MixSucRate",2,"Everlastng",2,,
"Vespoid Coat","1150z","Vespoid Shell",5,"Iron Ore",4,"Disk Stone",3,,,10,-5,5,2,-4,-3,"Male/Female","Gunner",3,1,1,"O--","Paralysis",3,"Poison",-2,"MixSucRate",2,"Everlastng",2,,
"Hi-Metal Tasset","1150z","Machalite Ore",2,"Disk Stone",3,"Thunderbug",2,,,20,-2,3,0,-2,-1,"Male/Female","Blade",3,1,1,"O--","Health",3,"Whim",1,"Stamina",-2,"Gunnery",3,,
"Hi-Metal Coat","1150z","Machalite Ore",2,"Disk Stone",3,"Thunderbug",2,,,10,0,5,0,0,0,"Male/Female","Gunner",3,1,1,"O--","Health",3,"CragS Add",1,"Stamina",-2,"Gunnery",3,,
"Hornet Tasset","1350z","Hornetaur Wing",2,"Hornetaur Shell",4,"Carpenterbug",3,"Monster Fluid",1,22,-6,-5,2,-1,-5,"Male/Female","Blade",3,1,2,"O--","Protection",-2,"HearProtct",3,"Dragon Res",2,"Gathering",2,,
"Hornet Coat","1350z","Hornetaur Wing",2,"Hornetaur Shell",4,"Carpenterbug",3,"Monster Fluid",1,11,-5,-3,3,2,-4,"Male/Female","Gunner",3,1,2,"O--","Protection",-2,"HearProtct",3,"Dragon Res",2,"Gathering",2,,
"Genprey Tasset","1350z","Genprey Hide",4,"Genprey Scale",3,"Iron Ore",2,"Bullfango Pelt",2,22,2,3,-1,-2,-2,"Male/Female","Blade",3,1,2,"O--","Paralysis",3,"Rec Speed",-3,"Spc Attack",3,,,,
"Genprey Coat","1350z","Genprey Hide",4,"Genprey Scale",3,"Iron Ore",2,"Bullfango Pelt",2,11,4,5,0,0,0,"Male/Female","Gunner",3,1,2,"O--","Paralysis",3,"Poison",-1,"Rec Speed",-1,"PelletS Up",3,"Spc Attack",1
"Chrome Metal Coat","3630z",,,,,,,,,24,2,0,0,-2,0,"Male/Female","Blade/Gunner",3,10,6,"---","Torso Inc",,,,,,,,,
"Steel Belt","1650z","Machalite Ore",8,"Iron Ore",12,"Earth Crystal",2,,,24,2,-2,0,2,0,"Male/Female","Blade",3,1,1,"O--","Guard",2,"Map",4,"PsychicVis",1,"Stamina",-2,,
"Ioprey Tasset","1650z","Iodrome Hide",3,"Med Monster Bone",3,"Ioprey Scale",3,"Machalite Ore",1,24,3,-2,-1,2,1,"Male/Female","Blade",3,1,2,"O--","Faint",-1,"Poison",3,"Health",4,"Fatigue",1,,
"Ioprey Coat","1650z","Iodrome Hide",3,"Med Monster Bone",3,"Ioprey Scale",3,"Machalite Ore",1,12,4,0,0,3,2,"Male/Female","Gunner",3,1,2,"O--","Faint",-1,"Poison",3,"PelletSAdd",4,"Fatigue",1,,
"Kut-Ku Tasset","1650z","Kut-Ku Scale",2,"Kut-Ku Shell",3,"Med Monster Bone",1,,,24,2,0,-1,-2,-2,"Male/Female","Blade",3,1,2,"O--","Health",3,"Attack",2,"Defence",-1,"Fire Res",2,"Water Res",-1
"Kut-Ku Coat","1650z","Kut-Ku Scale",2,"Kut-Ku Shell",3,"Med Monster Bone",1,,,12,5,3,0,1,-1,"Male/Female","Gunner",3,1,2,"O--","Health",3,"Attack",2,"Defence",-1,"Fire Res",2,"Water Res",-1
"Cephalos Tasset","2350z","Cephalos Scale",5,"Piscine Fang",2,"Med Monster Bone",2,"Burst Arrowana",5,28,-3,-4,0,2,2,"Male/Female","Blade",3,1,2,"O--","Hunger",3,"Heat Res",4,"Cold Res",-2,,,,
"Cephalos Coat","2350z","Cephalos Scale",5,"Piscine Fang",2,"Med Monster Bone",2,"Burst Arrowana",5,16,-1,-2,1,5,3,"Male/Female","Gunner",3,1,2,"O--","Hunger",3,"Heat Res",4,"Cold Res",-2,,,,
"Conga Tasset","2350z","Congalala Fang",3,"Congalala Pelt",3,"Bulldrome Hide",1,"Giant Bone",2,28,-3,2,0,2,-1,"Male/Female","Blade",3,1,2,"O--","Antiseptic",2,"BombStrUp",2,"Hunger",-2,"Gluttony",3,,
"Conga Coat","2350z","Congalala Fang",3,"Congalala Pelt",3,"Bulldrome Hide",1,"Giant Bone",2,16,-1,4,1,4,0,"Male/Female","Gunner",3,1,2,"O--","Antiseptic",2,"NormalS Up",2,"Hunger",-2,"Gluttony",3,,
"Gypceros Tasset","2850z","Poison Sac",1,"Antiseptic Stone",2,"Rubbery Hide",2,,,30,-4,4,0,1,1,"Male/Female","Blade",3,1,3,"O--","Poison",3,"Hunger",-2,"ThunderRes",2,"Stamina",2,,
"Gypceros Coat","2850z","Poison Sac",1,"Antiseptic Stone",2,"Rubbery Hide",2,,,16,-1,6,0,4,3,"Male/Female","Gunner",3,1,3,"O--","Poison",3,"Hunger",-2,"ThunderRes",2,"Stamina",2,,
"Khezu Tasset","3350z","Flabby Hide",2,"Iron Ore",8,"Rubbery Hide",1,,,32,-3,4,0,3,1,"Male/Female","Blade",3,1,3,"OO-","Faint",-1,"Rec Speed",3,"Wide Area",2,"Horn",1,,
"Khezu Coat","3350z","Flabby Hide",2,"Iron Ore",8,"Rubbery Hide",1,,,16,-1,6,0,5,2,"Male/Female","Gunner",3,1,3,"O--","Faint",-2,"Rec Speed",4,"Wide Area",2,"Precision",1,,
"Hermitaur Tasset","3350z","Hermitaur Shell",3,"Sm Hermitaur Shl",2,"Sharp Claw",4,"Sm Monster Bone",5,32,-3,-4,1,3,0,"Male/Female","Blade",3,1,3,"O--","Guard",1,"Throw",2,"Defence",3,"ThunderRes",-3,,
"Hermitaur Coat","3350z","Hermitaur Shell",3,"Sm Hermitaur Shl",2,"Sharp Claw",4,"Sm Monster Bone",5,16,-1,-2,2,5,1,"Male/Female","Gunner",3,1,3,"O--","Guard Up",1,"Throw",2,"Defence",3,"ThunderRes",-3,,
"Lobster Coil","4150z","Sm Lobstershell",2,"Plesioth Fin",1,"Earth Crystal",3,"Bulldrome Hide",2,34,-2,-6,-2,6,2,"Male/Female","Blade",3,1,3,"O--","Guard",-2,"Water Res",1,"Fishing",3,"Evade",3,,
"Lobster Coat","4150z","Sm Lobstershell",2,"Plesioth Fin",1,"Earth Crystal",3,"Bulldrome Hide",2,17,0,-5,0,5,3,"Male/Female","Gunner",3,1,3,"O--","Water Res",1,"Fishing",3,"Evade",3,"Precision",-2,,
"Kut-Ku Tasset D","1650z","Blue Kut-Ku Scl",2,"Blue Kut-Ku Shl",3,"Bullfango Pelt",1,"Med Monster Bone",1,22,2,0,-1,-2,-2,"Male/Female","Blade",3,1,3,"O--","Health",-1,"Rec Speed",-2,"Expert",2,"ElementAtk",2,"Attack",2
"Kut-Ku Coat D","1650z","Blue Kut-Ku Scl",2,"Blue Kut-Ku Shl",3,"Bullfango Pelt",1,"Med Monster Bone",1,10,5,3,0,1,-1,"Male/Female","Gunner",3,1,3,"O--","Health",-1,"Rec Speed",-2,"Expert",2,"ElementAtk",2,"Attack",2
"Gypceros Tasset D","2850z","Pur Rubbery Hide",2,"Antiseptic Stone",2,"Poison Sac",1,,,28,-4,4,0,1,1,"Male/Female","Blade",3,2,3,"OO-","Faint",3,"Wide Area",2,"WindPress",1,"Fate",-1,,
"Gypceros Coat D","2850z","Pur Rubbery Hide",2,"Antiseptic Stone",2,"Poison Sac",1,,,14,-1,6,0,4,3,"Male/Female","Gunner",3,2,3,"O--","Faint",3,"Wide Area",2,"WindPress",2,"Fate",-2,,
"Khezu Tasset D","3350z","Alluring Hide",2,"Iron Ore",8,"Rubbery Hide",1,,,30,3,4,0,-3,0,"Male/Female","Blade",3,2,4,"OO-","SwdShrpner",-2,"Wide Area",3,"Recovery",2,,,,
"Khezu Coat D","3350z","Alluring Hide",2,"Iron Ore",8,"Rubbery Hide",1,,,14,5,6,0,-1,1,"Male/Female","Gunner",3,2,4,"OO-","Wide Area",3,"Recovery",2,"MixSucRate",-2,,,,
"Basarios Tasset","3350z","Basarios Shell",4,"Machalite Ore",7,"Iron Ore",6,"Genprey Hide",3,32,0,2,-2,2,1,"Male/Female","Blade",4,2,4,"O--","Sleep",3,"Faint",-1,"Defence",1,"Whim",2,"Terrain",2
"Basarios Coat","3350z","Basarios Shell",4,"Machalite Ore",7,"Iron Ore",6,"Genprey Hide",3,16,2,4,0,4,2,"Male/Female","Gunner",4,2,4,"O--","Sleep",3,"Faint",-1,"Defence",1,"Whim",2,"Terrain",2
"Monoblos Coil","4900z","Monoblos Spine",3,"Blood Red Horn",1,"Monoblos Shell",2,"Lg Monster Bone",4,36,2,-2,-1,-1,-1,"Male/Female","Blade",4,10,"4!","O--","Health",3,"Attack",2,"Protection",-2,"Potential",2,,
"Monoblos Coat","4900z","Monoblos Spine",3,"Blood Red Horn",1,"Monoblos Shell",2,"Lg Monster Bone",4,18,4,0,0,2,0,"Male/Female","Gunner",4,10,"4!","O--","Health",3,"Attack",2,"Protection",-2,"Potential",2,,
"Garuga Tasset","4900z","Garuga Scale",4,"Garuga Shell",5,"Killer Beetle",2,"Lg Monster Bone",2,36,2,2,0,0,0,"Male/Female","Blade",4,10,"4!","OO-","Sharpness",2,"Expert",2,"HearProtct",1,"Gathering",-2,,
"Garuga Coat","4900z","Garuga Scale",4,"Garuga Shell",5,"Killer Beetle",2,"Lg Monster Bone",2,18,3,3,0,2,1,"Male/Female","Gunner",4,10,"4!","O--","Expert",2,"PierceSAdd",2,"HearProtct",1,"Gathering",-2,,
"Blango Tasset","4900z","Blango Pelt",4,"Giadrome Hide",2,"Brute Bone",2,"Giant Bone",2,36,-4,0,1,2,3,"Male/Female","Blade",4,2,4,"O--","Snow Res",2,"Cold Res",3,"Terrain",-2,"Quake Res",2,,
"Blango Coat","4900z","Blango Pelt",4,"Giadrome Hide",2,"Brute Bone",2,"Giant Bone",2,18,-3,1,2,4,5,"Male/Female","Gunner",4,2,4,"O--","Snow Res",2,"Cold Res",3,"Terrain",-2,"Quake Res",2,,
"Ceanataur Tasset","5200z","Sm Ceanataur Shl",4,"Ceanataur Shell",2,"Machalite Ore",2,"Killer Beetle",1,37,1,-1,0,2,-1,"Male/Female","Blade",4,2,4,"OO-","Sharpness",2,"Artisan",1,"SwdShrpner",2,"Defence",-2,,
"Ceanataur Coat","5200z","Sm Ceanataur Shl",4,"Ceanataur Shell",2,"Machalite Ore",2,"Killer Beetle",1,18,2,0,2,4,0,"Male/Female","Gunner",4,2,4,"O--","PierceS Up",3,"PierceSAdd",1,"Defence",-3,"Precision",2,,
"Rathian Tasset","5350z","Rathian Shell",3,"Rathian Scale",2,"Carpenterbug",4,"Dragonite Ore",2,38,2,-2,-4,0,0,"Male/Female","Blade",4,1,6,"OO-","Faint",-1,"Poison",2,"Health",3,"PsychicVis",1,,
"Rathian Coat","5350z","Rathian Shell",3,"Rathian Scale",2,"Carpenterbug",4,"Dragonite Ore",2,18,4,0,-2,2,2,"Male/Female","Gunner",4,1,6,"O--","Faint",-1,"Poison",2,"Health",3,"PsychicVis",3,,
"Tigrex Tasset","5800z","Tigrex Fang",3,"Tigrex Scale",4,"Tigrex Shell",2,"Killer Beetle",2,40,3,-2,-1,2,3,"Male/Female","Blade",4,3,5,"O--","Protection",-2,"HearProtct",2,"PsychicVis",3,"Cooking",2,,
"Tigrex Coat","5800z","Tigrex Fang",3,"Tigrex Scale",4,"Tigrex Shell",2,"Killer Beetle",2,20,4,-1,0,3,4,"Male/Female","Gunner",4,3,5,"O--","Protection",-2,"HearProtct",2,"PsychicVis",3,"Cooking",2,,
"Rathalos Tasset","5800z","FireWyvern Claw",2,"Rathalos Scale",2,"Rathalos Shell",3,"Lg Monster Bone",2,40,2,2,-4,-1,-3,"Male/Female","Blade",4,1,6,"O--","Paralysis",-2,"Rec Speed",1,"Attack",4,"PsychicVis",2,,
"Rathalos Coat","5800z","FireWyvern Claw",2,"Rathalos Scale",2,"Rathalos Shell",3,"Lg Monster Bone",2,20,4,5,-2,0,-1,"Male/Female","Gunner",4,1,6,"O--","Paralysis",-2,"Rec Speed",1,"Attack",4,"PsychicVis",2,,
"Diablo Coil","5800z","Diablos Spine",2,"Diablos Shell",2,"Monster Bone+",1,,,40,3,1,0,-1,-2,"Male/Female","Blade",4,3,5,"OO-","Health",-2,"Expert",2,"WindPress",2,"Fate",-1,,
"Diablo Coat","5800z","Diablos Spine",2,"Diablos Shell",2,"Monster Bone+",1,,,20,5,4,0,2,-1,"Male/Female","Gunner",4,3,5,"O--","Health",-2,"Expert",4,"WindPress",2,"Fate",-1,,
"Gravios Tasset","5800z","Gravios Shell",4,"Hercudrome",3,"Monster Bone+",2,"Ioprey Hide",3,40,2,2,-2,-2,0,"Male/Female","Blade",4,3,5,"O--","Sleep",4,"Guard",2,"Defence",1,"Stamina",-2,,
"Gravios Coat","5800z","Gravios Shell",4,"Hercudrome",3,"Monster Bone+",2,"Ioprey Hide",3,20,4,3,0,1,1,"Male/Female","Gunner",4,3,5,"O--","Sleep",3,"ClustS Add",4,"Stamina",-2,,,,
"Diablo Coil D","5800z","Black Blos Spine",2,"Black Blos Shell",2,"Monster Bone+",1,,,38,3,1,0,-1,-2,"Male/Female","Blade",4,3,5,"OO-","Sharpness",2,"Defence",-1,"WindPress",3,"Fate",-1,,
"Diablo Coat D","5800z","Black Blos Spine",2,"Black Blos Shell",2,"Monster Bone+",1,,,18,5,4,0,2,-1,"Male/Female","Gunner",4,3,5,"O--","Load",2,"Hunger",-1,"WindPress",3,"Fate",-3,,
"Gravios Tasset D","5800z","Blk Gravios Shl",4,"Hercudrome",3,"Monster Bone+",2,"Machalite Ore",4,38,2,2,0,-2,1,"Male/Female","Blade",4,3,5,"OO-","Guard Up",2,"Hunger",-2,"Defence",3,,,,
"Gravios Coat D","5800z","Blk Gravios Shl",4,"Hercudrome",3,"Monster Bone+",2,"Machalite Ore",4,18,4,3,0,1,2,"Male/Female","Gunner",4,3,5,"OO-","Guard Up",2,"Hunger",-2,"Defence",3,,,,
"Mosswine Hip","100z","Mosswine Hide",2,"Bullfango Pelt",1,"Bulldrome Hide",1,"Carpenterbug",1,3,0,0,0,0,0,"Male/Female","Blade/Gunner",5,1,2,"O--","Health",2,"Hunger",-3,"Gluttony",2,"Cooking",2,,
"Bistro Apron","1150z","FlynMealPassReg",1,"Cold Meat",10,"Flabby Hide",4,,,20,2,2,2,2,2,"Male/Female","Blade/Gunner",5,1,3,"---","Gluttony",4,"Cooking",2,"BBQ",5,,,,
"Black Belt Tasset","3300z","Daimyo Coin",10,"Blackbelt Ticket",8,"Killer Beetle",2,"Cephalos Coin",8,20,2,2,2,2,2,"Male/Female","Blade/Gunner",5,1,3,"O--","Artisan",2,"Gluttony",3,"Map",-2,"Loading",2,,
"Shinobi Belt (Sun)","9800z","Gaoren Spine",1,"Blackbelt Ticket",3,"Pokke Ticket",1,"Azr Rathlos Scl",5,20,2,4,2,-6,-3,"Male/Female","Blade/Gunner",5,3,6,"O--","Throw",2,"ElementAtk",2,"Cold Res",-2,"Evade",3,,
"Shinobi Belt (Moon)","9800z","Gaoren Spine",1,"Blackbelt Ticket",3,"Pokke Ticket",1,"Azr Rathlos Scl",5,20,2,4,2,-6,-3,"Male/Female","Blade/Gunner",5,3,6,"O--","Sneak",2,"Hunger",4,"Heat Res",-2,"PsychicVis",1,,
"Guild Knight Kilt","9800z","Commendation",1,"Great Hornfly",4,"FlynMealPassReg",1,"Plesioth Coin",3,20,0,0,0,0,0,"Male","Blade/Gunner",5,3,4,"O--","Whim",3,"Fate",2,"PsychicVis",2,"BBQ",-2,,
"Guild Knight Coat","9800z","Commendation",1,"Great Hornfly",4,"FlynMealPassReg",1,"Cephalos Coin",3,20,0,0,0,0,0,"Male","Blade/Gunner",5,3,4,"O--","PelletS Up",2,"Fate",-2,"Precision",2,"Carving",3,,
"Guardian Coil","9800z","Lightcrystal",2,"Great Hornfly",4,"Blackbelt Ticket",2,"Yian Garuga Coin",3,20,0,0,0,0,0,"Male","Blade/Gunner",5,8,4,"O--","Protection",2,"Gathering",-2,"Fate",2,"Gunnery",3,,
"Guardian Coat","9800z","Lightcrystal",2,"Great Hornfly",4,"Blackbelt Ticket",2,"Blangonga Coin",3,20,0,0,0,0,0,"Male","Blade/Gunner",5,2,4,"OO-","Protection",2,"Wide Area",3,"Gathering",-1,"Fate",1,,
"Maiden's Skirt","9800z","Commendation",1,"Great Hornfly",4,"FlynMealPassReg",1,"Plesioth Coin",3,20,0,0,0,0,0,"Female","Blade/Gunner",5,3,4,"O--","Whim",3,"Fate",2,"PsychicVis",2,"BBQ",-2,,
"Personal Frills","9800z","Commendation",1,"Great Hornfly",4,"FlynMealPassReg",1,"Cephalos Coin",3,20,0,0,0,0,0,"Female","Blade/Gunner",5,3,4,"O--","PelletS Up",2,"Fate",-2,"Precision",2,"Carving",3,,
"Helper Skirt","9800z","Lightcrystal",2,"Great Hornfly",4,"Blackbelt Ticket",2,"Yian Garuga Coin",3,20,0,0,0,0,0,"Female","Blade/Gunner",5,8,4,"O--","Protection",2,"Gathering",-2,"Fate",2,"Gunnery",3,,
"Healer Frills","9800z","Lightcrystal",2,"Great Hornfly",4,"Blackbelt Ticket",2,"Blangonga Coin",3,20,0,0,0,0,0,"Female","Blade/Gunner",5,2,4,"OO-","Protection",2,"Wide Area",3,"Gathering",-1,"Fate",1,,
"Remobra Belt","1650z","Remobra Skin",4,"Elder Drgn Bone",1,"Monster Fluid",3,"Dragonite Ore",2,24,0,-1,-1,-1,-1,"Male/Female","Blade/Gunner",5,3,4,"---","Torso Inc",,,,,,,,,
"Melahoa Skirt","1150z","Dosbiscus",3,"Godbug",4,"Sleep Herb",2,"Armorskin",3,20,0,1,0,1,0,"Male/Female","Blade",5,1,2,"O--","Hunger",-1,"Gathering",3,"HiSpdGathr",2,"Recovery",2,"Stamina",1
"Melahoa Trunk","1150z","Dosbiscus",3,"Godbug",4,"Sleep Herb",2,"Armorskin",3,10,0,1,0,2,0,"Male/Female","Gunner",5,1,2,"O--","Hunger",-1,"Gathering",3,"HiSpdGathr",2,"Recovery",2,"Stamina",1
"Makluva Coat","2350z","Springnight Carp",3,"Cephalos Scale",3,"Small Goldenfish",2,"Book of Combos 1",1,28,0,-2,0,2,0,"Male/Female","Blade",5,1,2,"O--","Spc Attack",2,"Fishing",2,"MixSucRate",3,"Alchemy",2,,
"Makluva Fin","2350z","Springnight Carp",3,"Cephalos Scale",3,"Small Goldenfish",2,"Book of Combos 1",1,16,0,-1,0,3,0,"Male/Female","Gunner",5,1,2,"O--","Spc Attack",2,"Fishing",2,"MixSucRate",3,"Alchemy",2,,
"Hypnoc Tasset","3350z","Hypnoc Ticket",1,"Hypnoc Feather+",3,"Rainbow Down",3,"Sharp Claw",2,32,-2,0,1,2,1,"Male/Female","Blade",5,"7!",10,"O--","Sleep",2,"Sneak",-2,"Trapper",4,"Observance",1,,
"Hypnoc Coat","3350z","Hypnoc Ticket",1,"Hypnoc Feather+",3,"Rainbow Down",3,"Sharp Claw",2,16,0,2,2,4,3,"Male/Female","Gunner",5,"7!",10,"O--","Sneak",-2,"SleepCtAdd",2,"Trapper",4,"Observance",1,,
"Obituary Anka","3350z","Great Hornfly",2,"Hercudrome",2,"Pale Extract",3,"Great Ladybug",3,32,3,3,2,-5,-4,"Male","Blade",5,1,3,"OO-","Spc Attack",2,"Cold Res",-1,"Gathering",2,"Evade",2,,
"Obituary Cocusa","3350z","Great Hornfly",2,"Hercudrome",2,"Pale Extract",3,"Great Ladybug",3,16,4,5,2,-4,-3,"Male","Gunner",5,1,3,"O--","Spc Attack",2,"Cold Res",-1,"Gathering",3,"Evade",3,,
"Butterfly Anka","3350z","Great Hornfly",2,"Hercudrome",2,"Pale Extract",3,"Great Ladybug",3,32,3,3,2,-5,-4,"Female","Blade",5,1,3,"OO-","Spc Attack",2,"Cold Res",-1,"Gathering",2,"Evade",2,,
"Butterfly Cocusa","3350z","Great Hornfly",2,"Hercudrome",2,"Pale Extract",3,"Great Ladybug",3,16,4,5,2,-4,-3,"Female","Gunner",5,1,3,"O--","Spc Attack",2,"Cold Res",-1,"Gathering",3,"Evade",3,,
"Black Spine","11111z","Dark Stone",1,"Dark Piece",3,"Ancient Potion",1,"FireWyvern Fluid",3,36,0,2,-5,2,2,"Male/Female","Blade",5,10,"5!","OOO",,,,,,,,,,
"Black Scale","11111z","Dark Stone",1,"Dark Piece",3,"Ancient Potion",1,"FireWyvern Fluid",3,18,2,4,-2,4,3,"Male/Female","Gunner",5,10,"5!","OOO",,,,,,,,,,
"Death Stench Bowels","5800z","Sinister Cloth",2,"Striped Skin",3,"Monster Bone+",2,"Elder Drgn Bone",1,40,2,1,0,1,-1,"Male/Female","Blade",5,3,4,"O--","Sneak",2,"Health",-5,"Fencing",2,,,,
"Death Stench Belly","5800z","Sinister Cloth",2,"Striped Skin",3,"Monster Bone+",2,"Elder Drgn Bone",1,20,3,2,1,2,0,"Male/Female","Gunner",5,3,4,"O--","Health",-5,"CragS Add",2,"Speed Fire",2,,,,
"Volganos Tasset","5800z","Lava Ticket",1,"Volganos Thk Scl",3,"Volganos Hvy Cpc",2,"Fire Stone",1,40,4,0,1,-3,0,"Male/Female","Blade",5,"7!",10,"O--","Faint",-2,"Rec Speed",2,"Guard",2,"Terrain",3,,
"Volganos Coat","5800z","Lava Ticket",1,"Volganos Thk Scl",3,"Volganos Hvy Cpc",2,"Fire Stone",1,20,5,2,2,-1,2,"Male/Female","Gunner",5,"7!",10,"O--","Faint",-2,"Guard",2,"Recoil",2,"Terrain",3,,
"Mizuha Sash","9000z","Chameleos Tail",1,"Chameleos Hide",2,"Elder Drgn Bone",4,"Lightcrystal",1,40,-4,0,-1,3,4,"Male/Female","Blade",5,3,5,"O--","HearProtct",2,"WindPress",4,"Terrain",-3,,,,
"Extravagant Coat","9000z","Chameleos Tail",1,"Chameleos Hide",2,"Elder Drgn Bone",4,"Lightcrystal",1,20,-3,1,0,4,5,"Male/Female","Gunner",5,3,5,"O--","HearProtct",2,"WindPress",4,"Terrain",-3,,,,
"Kushala Cocoon","9300z","Daora Webbing",1,"Daora Claw",2,"Daora Shell",2,"Fire Stone",1,42,0,-2,-3,2,4,"Male/Female","Blade",5,3,4,"O--","Poison",-2,"Fire Res",3,"Terrain",2,"Fast Chrge",2,,
"Kushala Wind Wrap","9300z","Daora Webbing",1,"Daora Claw",2,"Daora Shell",2,"Fire Stone",1,21,2,-2,-2,3,5,"Male/Female","Gunner",5,3,4,"O--","Poison",-2,"Fire Res",3,"Terrain",2,"Fast Chrge",2,,
"Kirin Hoop","9800z","Kirin Hide",1,"Kirin Horn",2,"Rubbery Hide",2,"Electro Sac",3,44,0,4,-1,2,0,"Male/Female","Blade",5,3,5,"O--","ElementAtk",2,"All Resist",3,"PsychicVis",2,"Everlastng",-2,,
"Kirin Shorts","9800z","Kirin Hide",1,"Kirin Horn",2,"Rubbery Hide",2,"Electro Sac",3,22,1,6,0,4,1,"Male/Female","Gunner",5,3,5,"O--","ElementAtk",2,"All Resist",3,"PsychicVis",2,"Everlastng",-2,,
"Guardian Spirit Coil","9800z","Dragonmoss",2,"Dragonwood",2,"ElderDragonBlood",1,"Pokke Ticket",1,44,2,0,-2,2,-2,"Male/Female","Blade",5,3,4,"O--","Fencing",2,"Protection",1,"All Resist",4,"Potential",-2,,
"Carnage Wrap","9800z","Dragonmoss",2,"Dragonwood",2,"ElderDragonBlood",1,"Pokke Ticket",1,22,3,2,-1,4,-1,"Male/Female","Gunner",5,3,4,"O--","Protection",1,"All Resist",4,"Potential",-2,"Loading",2,,
"Auroros Tasset","9800z","Lao-Shan's Shell",4,"Fire Dragon Scl",1,"Gravios Shell",5,"Commendation",1,44,-2,0,-4,2,2,"Male","Blade",5,3,6,"O--","Rec Speed",2,"Guard",3,"PsychicVis",3,"Stamina",-1,,
"Genesis Tasset","9800z","Lao-Shan's Shell",4,"Fire Dragon Scl",1,"Gravios Shell",5,"Commendation",1,22,1,2,-2,3,3,"Male","Gunner",5,3,6,"OO-","Rec Speed",2,"Load",3,"NormalSAdd",1,"Hunger",-1,,
"Borealis Tasset","9800z","Lao-Shan's Shell",4,"Fire Dragon Scl",1,"Gravios Shell",5,"Commendation",1,44,-2,0,-4,2,2,"Female","Blade",5,3,6,"O--","Rec Speed",2,"Guard",3,"PsychicVis",3,"Stamina",-1,,
"Glyph Tasset","9800z","Lao-Shan's Shell",4,"Fire Dragon Scl",1,"Gravios Shell",5,"Commendation",1,22,1,2,-2,3,3,"Female","Gunner",5,3,6,"OO-","Rec Speed",2,"Load",3,"NormalSAdd",1,"Hunger",-1,,
"Red Borealis Tasset","9800z","Lao-Shan's Shell",4,"Fire Drgn Wbng",1,"Gravios Shell",5,"Commendation",1,44,2,0,-4,-2,0,"Female","Blade",5,3,6,"O--","Rec Speed",4,"PsychicVis",5,,,,,,
"Red Glyph Tasset","9800z","Lao-Shan's Shell",4,"Fire Drgn Wbng",1,"Gravios Shell",5,"Commendation",1,22,3,2,-2,1,1,"Female","Gunner",5,3,6,"O--","Rec Speed",4,"NormalSAdd",5,,,,,,
"Empress Tasset","11625z","Lunastra Horn",1,"Fire Drgn Wbng",2,"Fire Dragon Scl",4,"Dragonite Ore",9,46,5,0,-2,-1,0,"Male/Female","Blade",5,10,"5!","O--","Expert",2,"Guard",3,"Anti-Theft",2,"Cold Res",-2,,
"Empress Coat","11625z","Lunastra Horn",1,"Fire Drgn Wbng",2,"Fire Dragon Scl",4,"Dragonite Ore",9,23,6,2,-1,1,0,"Male/Female","Gunner",5,10,"5!","OO-","Expert",2,"Guard Up",1,"Anti-Theft",2,"Cold Res",-2,,
"Indra Wrap","13500z","Gaoren Shell",2,"Gaoren Pincer",1,"Daora Shell",1,"Dragonite Ore",2,48,-2,2,-2,3,2,"Male/Female","Blade",5,3,6,"O--","Guard",3,"Fate",2,"Cooking",-2,"Quake Res",2,,
"Steadfast Coat","13500z","Gaoren Shell",2,"Gaoren Pincer",1,"Daora Shell",1,"Dragonite Ore",2,24,0,3,-1,5,3,"Male/Female","Gunner",5,3,6,"O--","Load",-1,"Recoil",2,"Fate",2,"Cooking",-2,"Quake Res",2
"Kaiser Tasset","13500z","Teostra Mane",1,"Fire Dragon Scl",3,"Fire Stone",2,"ElderDragonBlood",1,48,5,0,-2,-1,0,"Male/Female","Blade",5,3,6,"O--","Expert",3,"Cold Res",-3,"Fatigue",3,,,,
"Kaiser Coat","13500z","Teostra Mane",1,"Fire Dragon Scl",3,"Fire Stone",2,"ElderDragonBlood",1,24,6,2,-1,1,0,"Male/Female","Gunner",5,3,6,"O--","Expert",3,"Cold Res",-3,"Fatigue",3,,,,
"Red Lobster Tasset","4150z","King Lobster Shl",1,"Sm Lobstershell",1,"Famitsu Ticket",1,,,32,3,-2,0,0,1,"Male/Female","Blade",5,6,5,"OO-","Sneak",-2,"Fishing",2,"Evade",1,"BBQ",2,,
"Red Lobster Coat","4150z","King Lobster Shl",1,"Sm Lobstershell",1,"Famitsu Ticket",1,,,15,3,0,1,0,1,"Male/Female","Gunner",5,6,5,"OO-","Sneak",-2,"Fishing",2,"Evade",1,"BBQ",2,,
"Monodevil Coil","5900z","Wht Monoblos Hrn",1,"Wht Monoblos Spn",3,"Wht Monoblos Shl",3,"Monster Bone+",4,34,2,-2,-1,-1,-1,"Male/Female","Blade",5,10,"4!","O--","Artisan",2,"Expert",1,"Protection",-3,"Potential",3,,
"Monodevil Coat","5900z","Wht Monoblos Hrn",1,"Wht Monoblos Spn",3,"Wht Monoblos Shl",3,"Monster Bone+",4,16,4,0,0,2,0,"Male/Female","Gunner",5,10,"4!","O--","Expert",1,"Protection",-4,"Potential",2,"Loading",2,,
"Rathian Heart Coil","6400z","Pnk Rathian Scl",3,"Pnk Rathian Shl",2,"FireWyvern Claw",2,"Monster Bone+",1,36,2,-2,-4,0,0,"Male/Female","Blade",5,3,6,"OO-","Antiseptic",1,"Sneak",-1,"Whim",3,"Recovery",2,,
"Rathian Heart Coat","6400z","Pnk Rathian Scl",3,"Pnk Rathian Shl",2,"FireWyvern Claw",2,"Monster Bone+",1,16,4,0,-2,2,2,"Male/Female","Gunner",5,3,6,"O--","Antiseptic",2,"Sneak",-2,"Whim",3,"Recovery",2,,
"Rathalos Soul Coil","6900z","Azre Rathlos Shl",2,"Azr Rathlos Scl",2,"FireWyvern Fluid",2,"Fire Stone",1,38,2,2,-4,-1,0,"Male/Female","Blade",5,3,6,"OO-","Expert",1,"Attack",3,"Protection",-1,"HearProtct",2,,
"Rathalos Soul Coat","6900z","Azre Rathlos Shl",2,"Azr Rathlos Scl",2,"FireWyvern Fluid",2,"Fire Stone",1,18,4,5,-2,2,1,"Male/Female","Gunner",5,3,6,"O--","Expert",1,"Attack",3,"Protection",-2,"HearProtct",3,,
"Mafumofu Coat S","1150z","High Quality Pelt",2,"Blango Pelt+",1,"Rainbow Insect",1,,,20,0,0,0,0,3,"Male/Female","Blade/Gunner",6,4,7,"O--","Protection",2,"Heat Res",-2,"Cold Res",5,,,,
"Leather Belt S","1350z","Carbalite Ore",1,"Machalite Ore",10,"Kelbi Hide",2,"Stout Bone",1,22,2,0,0,0,0,"Male/Female","Blade/Gunner",6,4,7,"---","MixSucRate",10,"Cooking",-1,,,,,,
"Chain Belt S","1650z","Carbalite Ore",3,"Dragonite Ore",3,"Velociprey Hide+",2,,,24,2,-2,0,2,1,"Male/Female","Blade/Gunner",6,4,7,"O--","Paralysis",-1,"Health",4,"Map",2,"Whim",2,,
"Hunter Tasset S","5350z","Carbalite Ore",3,"Machalite Ore",12,"King Scarab",2,"Rathalos Scale",4,38,0,-4,0,0,0,"Male/Female","Blade",6,4,7,"OO-","Faint",-2,"Rec Speed",2,"Attack",2,"PsychicVis",1,,
"Hunter Coat S","5350z","Carbalite Ore",3,"Machalite Ore",12,"King Scarab",2,"Rathalos Scale",4,26,2,-2,0,2,2,"Male/Female","Gunner",6,4,7,"O--","Faint",-2,"Rec Speed",2,"Attack",2,"PsychicVis",3,,
"Bone Tasset S","7200z","Stout Bone",3,"Master's Skull",1,"Bullfango Pelt",3,"High Quality Pelt",3,44,2,-2,-2,2,-2,"Male/Female","Blade",6,4,7,"O--","Anti-Theft",2,"Map",-2,"Cooking",2,"Horn",3,,
"Bone Coat S","7200z","Stout Bone",3,"Monster Broth",2,"Bullfango Pelt",3,"Lg Bone Husk",5,26,5,0,0,5,-1,"Male/Female","Gunner",6,4,7,"O--","Anti-Theft",2,"Map",-2,"Fishing",3,"Cooking",2,,
"Battle Tasset S","7500z","Bulldrome Hide+",4,"Bulldrome Tusk",3,"Remobra Skin",2,"Carbalite Ore",2,46,2,-2,0,-2,-1,"Male/Female","Blade",6,4,7,"OO-","SwdShrpner",2,"Guard",2,"Attack",1,"Stamina",-2,,
"Battle Coat S","7500z","Bulldrome Hide+",4,"Bulldrome Tusk",3,"Remobra Skin",2,"Carbalite Ore",2,26,4,0,2,0,0,"Male/Female","Gunner",6,4,7,"O--","Load",2,"ClustS Add",2,"Hunger",-2,"Attack",3,,
"Velociprey Tasset S","7800z","Velociprey Scl+",4,"Velociprey Hide+",5,"Earth Crystal",6,"King Scarab",4,50,1,1,-1,1,0,"Male/Female","Blade",6,4,7,"---","Torso Inc",,,,,,,,,
"Velociprey Coat S","7800z","Velociprey Scl+",4,"Velociprey Hide+",5,"Earth Crystal",6,"King Scarab",4,26,3,3,0,3,1,"Male/Female","Gunner",6,4,7,"---","Torso Inc",,,,,,,,,
"Vespoid Tasset S","7800z","Vespoid InnrWng",3,"Vespoid Carapace",3,"Vespoid Wing",4,"Killer Beetle",3,50,-6,2,2,-5,-4,"Male/Female","Blade",6,4,7,"OO-","Paralysis",3,"Poison",-2,"Everlastng",2,,,,
"Vespoid Coat S","7800z","Vespoid InnrWng",3,"Vespoid Carapace",3,"Vespoid Wing",4,"Killer Beetle",3,26,-5,5,2,-4,-3,"Male/Female","Gunner",6,4,7,"OO-","Paralysis",3,"Poison",-2,"Everlastng",2,,,,
"Hi-Metal Tasset S","7800z","Nova Crystal",1,"Carbalite Ore",3,"Machalite Ore",15,"Thunderbug Juice",3,50,-2,3,0,-2,-1,"Male/Female","Blade",6,4,7,"OO-","Defence",2,"All Resist",-2,"Gunnery",3,,,,
"Hi-Metal Coat S","7800z","Nova Crystal",1,"Carbalite Ore",3,"Machalite Ore",15,"Thunderbug Juice",3,26,0,5,0,0,0,"Male/Female","Gunner",6,4,7,"OO-","Defence",2,"All Resist",-2,"Gunnery",3,,,,
"Steel Belt S","8950z","Nova Crystal",1,"Lightcrystal",2,"Dragonite Ore",8,"Machalite Ore",12,52,2,-2,0,2,0,"Male/Female","Blade",6,4,7,"O--","Guard",2,"Map",5,"Stamina",-2,,,,
"Hornet Tasset S","8800z","HornetaurInnrWng",3,"Hornetaur Carpce",3,"Hornetaur Head",2,"Killer Beetle",3,52,-6,-5,2,-1,-5,"Male/Female","Blade",6,4,7,"OO-","Poison",-2,"Sharpness",2,"Dragon Res",3,,,,
"Hornet Coat S","8800z","HornetaurInnrWng",3,"Hornetaur Carpce",3,"Hornetaur Head",2,"Killer Beetle",3,26,-5,-3,3,2,-4,"Male/Female","Gunner",6,4,7,"OO-","Poison",-2,"PierceS Up",2,"Dragon Res",3,,,,
"Genprey Tasset S","8800z","Gendrome Tail",3,"Genprey Scale+",4,"Paralysis Sac",2,"King Scarab",4,52,2,3,-1,-2,-2,"Male/Female","Blade",6,4,7,"OO-","Paralysis",3,"Poison",-2,"Spc Attack",2,,,,
"Genprey Coat S","8800z","Gendrome Tail",3,"Genprey Scale+",4,"Paralysis Sac",2,"King Scarab",4,26,4,5,0,0,0,"Male/Female","Gunner",6,4,7,"OO-","Paralysis",3,"Poison",-2,"Spc Attack",2,,,,
"Ioprey Tasset S","8950z","Ioprey Scale+",4,"Ioprey Hide+",6,"Dragonite Ore",10,"Toxin Sac",2,52,3,-2,-1,2,1,"Male/Female","Blade",6,4,7,"OO-","Faint",-2,"Poison",3,"Defence",2,,,,
"Ioprey Coat S","8950z","Ioprey Scale+",4,"Ioprey Hide+",6,"Dragonite Ore",10,"Toxin Sac",2,28,4,0,0,3,2,"Male/Female","Gunner",6,4,7,"OO-","Faint",-2,"Poison",3,"NormalS Up",2,,,,
"Kut-Ku Tasset S","8950z","Kut-Ku Scale+",2,"Kut-Ku Carapace",3,"Stout Bone",3,,,52,2,0,-1,-2,-2,"Male/Female","Blade",6,4,7,"OO-","Attack",3,"Defence",-2,"Fire Res",2,,,,
"Kut-Ku Coat S","8950z","Kut-Ku Scale+",2,"Kut-Ku Carapace",3,"Stout Bone",3,,,28,5,3,0,1,-1,"Male/Female","Gunner",6,4,7,"OO-","Attack",3,"Defence",-2,"Fire Res",2,,,,
"Cephalos Tasset S","9000z","Cephalos Scale+",5,"Cephalos Fin+",2,"Dragonite Ore",8,"Iron Ore",20,54,-3,-4,0,2,2,"Male/Female","Blade",6,4,7,"OO-","Heat Res",3,"Cold Res",-1,"PsychicVis",3,,,,
"Cephalos Coat S","9000z","Cephalos Scale+",5,"Cephalos Fin+",2,"Dragonite Ore",8,"Iron Ore",20,28,-1,-2,1,5,3,"Male/Female","Gunner",6,4,7,"OO-","Heat Res",3,"Cold Res",-1,"PsychicVis",3,,,,
"Conga Tasset S","9000z","Congalala Pelt+",3,"Congalala Fang",3,"Bulldrome Hide+",2,"Monster Bone+",2,54,-3,2,0,2,-1,"Male/Female","Blade",6,4,7,"O--","Antiseptic",2,"Sneak",-3,"ElementAtk",2,"Gluttony",2,,
"Conga Coat S","9000z","Congalala Pelt+",3,"Congalala Fang",3,"Bulldrome Hide+",2,"Monster Bone+",2,28,-1,4,1,4,0,"Male/Female","Gunner",6,4,7,"O--","Antiseptic",2,"Sneak",-3,"NormalS Up",2,"Gluttony",2,,
"Gypceros Tasset S","9000z","Rubbery Hide+",4,"Monster Broth",2,"Antiseptic Stone",8,"Union Ore",2,54,-4,4,0,1,1,"Male/Female","Blade",6,5,7,"OO-","Poison",3,"Hunger",-2,"Stamina",2,,,,
"Gypceros Coat S","9000z","Rubbery Hide+",4,"Monster Broth",2,"Antiseptic Stone",8,"Union Ore",2,28,-1,6,0,4,3,"Male/Female","Gunner",6,5,7,"OO-","Poison",3,"Hunger",-2,"Stamina",2,,,,
"Khezu Tasset S","9100z","Pale Khezu Steak",1,"Khezu Hide - Tan",2,"Thunder Sac",2,"Lifepowder",3,56,-3,4,0,3,1,"Male/Female","Blade",6,5,7,"OO-","Faint",-2,"Rec Speed",3,"Wide Area",2,,,,
"Khezu Coat S","9100z","Pale Khezu Steak",1,"Khezu Hide - Tan",2,"Thunder Sac",2,"Lifepowder",3,28,-1,6,0,5,2,"Male/Female","Gunner",6,5,7,"O--","Faint",-2,"Rec Speed",5,"Wide Area",2,,,,
"Hermitaur Tasset S","9100z","Hermitaur Carpce",3,"Hermitaur Shell",4,"Sharp Claw",4,"Monster Bone+",1,56,-3,-4,1,3,0,"Male/Female","Blade",6,4,7,"OO-","Guard",2,"Throw",2,"Defence",2,"Stamina",-1,,
"Hermitaur Coat S","9100z","Hermitaur Carpce",3,"Hermitaur Shell",4,"Sharp Claw",4,"Monster Bone+",1,28,-1,-2,2,5,1,"Male/Female","Gunner",6,4,7,"OO-","Load",2,"CragS Add",2,"Defence",2,"All Resist",-1,,
"Hypnoc Tasset S","9100z","Hypnoc Feather",3,"Rainbow Down",3,"King Scarab",2,"Monster Broth",4,56,-2,0,1,2,1,"Male/Female","Blade",6,7,7,"OO-","Sleep",1,"Hunger",-3,"Stamina",3,,,,
"Hypnoc Coat S","9100z","Hypnoc Feather",3,"Rainbow Down",3,"King Scarab",2,"Monster Broth",4,28,0,2,2,4,3,"Male/Female","Gunner",6,7,7,"O--","Sleep",5,"Hunger",-2,"Stamina",2,,,,
"Basarios Tasset S","9100z","Basarios Carpace",4,"Carbalite Ore",7,"Dragonite Ore",8,"Genprey Hide+",3,56,0,2,-2,2,1,"Male/Female","Blade",6,5,7,"OO-","Sleep",1,"Poison",2,"Defence",2,"Dragon Res",-2,,
"Basarios Coat S","9100z","Basarios Carpace",4,"Carbalite Ore",7,"Dragonite Ore",8,"Genprey Hide+",3,28,2,4,0,4,2,"Male/Female","Gunner",6,5,7,"OO-","Sleep",1,"Poison",2,"Defence",2,"Dragon Res",-2,,
"Plesioth Tasset S","9500z","Plesioth Scale+",3,"Plesioth Fin+",1,"Union Ore",2,"Cephalos Scale+",3,58,-4,-4,0,4,2,"Male/Female","Blade",6,5,8,"O--","Hunger",-2,"Heat Res",2,"Cold Res",2,"Stamina",3,,
"Plesioth Coat S","9500z","Plesioth Scale+",3,"Plesioth Fin+",1,"Union Ore",2,"Cephalos Scale+",3,30,-2,-2,1,6,3,"Male/Female","Gunner",6,5,8,"O--","Hunger",-2,"Heat Res",2,"Cold Res",2,"Stamina",3,,
"Monoblos Coil S","9900z","Monoblos Thrcic",3,"Blood Red Horn",1,"Monoblos Carpce",3,"Hrd Monster Bone",4,60,2,-2,-1,-1,-1,"Male/Female","Blade",6,10,"8!","OO-","Attack",3,"Protection",-2,"Potential",2,,,,
"Monoblos Coat S","9900z","Monoblos Thrcic",3,"Blood Red Horn",1,"Monoblos Carpce",3,"Hrd Monster Bone",4,30,4,0,0,2,0,"Male/Female","Gunner",6,10,"8!","O--","Attack",6,"Protection",-1,"Potential",2,,,,
"Garuga Tasset S","9900z","Garuga Scale+",4,"Garuga Carapace",4,"Inferno Sac",3,"King Scarab",2,60,2,2,0,0,0,"Male/Female","Blade",6,8,8,"O--","Poison",2,"Expert",3,"HearProtct",2,"Gathering",-2,,
"Garuga Coat S","9900z","Garuga Scale+",4,"Garuga Carapace",4,"Inferno Sac",3,"King Scarab",2,30,3,3,0,2,1,"Male/Female","Gunner",6,8,8,"O--","Expert",3,"HearProtct",2,"Gathering",-2,"PoisnCtAdd",2,,
"Blango Tasset S","9900z","Blangonga Pelt+",4,"Blangonga Whiskr",1,"Brute Bone",3,"Kirin Hide",2,60,-4,0,1,2,3,"Male/Female","Blade",6,5,8,"OO-","Snow Res",2,"Attack",2,"Heat Res",-1,"Cold Res",2,,
"Blango Coat S","9900z","Blangonga Pelt+",4,"Blangonga Whiskr",1,"Brute Bone",3,"Kirin Hide",2,30,-3,1,2,4,5,"Male/Female","Gunner",6,5,8,"OO-","Snow Res",2,"Attack",2,"Heat Res",-1,"Cold Res",2,,
"Ceanataur Tasset S","10050z","Ceanataur Carpce",3,"Ceanataur Shell",4,"Fire Stone",2,"Rare Scarab",2,61,1,-1,0,2,-1,"Male/Female","Blade",6,5,8,"OO-","Artisan",2,"SwdShrpner",1,"Attack",2,"Defence",-2,,
"Ceanataur Coat S","10050z","Ceanataur Carpce",3,"Ceanataur Shell",4,"Fire Stone",2,"Rare Scarab",2,30,2,0,2,4,0,"Male/Female","Gunner",6,5,8,"OO-","PierceS Up",2,"PierceSAdd",3,"Defence",-2,,,,
"Rathian Tasset S","10250z","Rathian Ruby",1,"Rathian Carapace",2,"FireWyvern Claw",3,"Rare Scarab",3,62,2,-2,-4,0,0,"Male/Female","Blade",6,5,9,"OO-","Faint",-1,"Poison",2,"Health",4,,,,
"Rathian Coat S","10250z","Rathian Ruby",1,"Rathian Carapace",2,"FireWyvern Claw",3,"Rare Scarab",3,30,4,0,-2,2,2,"Male/Female","Gunner",6,5,9,"OO-","Faint",-1,"Poison",2,"Health",4,,,,
"Naruga Tasset S","10250z","Naruga Scale+",5,"Naruga Wing",2,"Hrd Monster Bone",2,"Monster Broth",4,62,-4,-3,0,3,2,"Male/Female","Blade",6,8,9,"OO-","Attack",-2,"Evade Inc",1,"Technique",4,,,,
"Naruga Coat S","10250z","Naruga Scale+",5,"Naruga Wing",2,"Hrd Monster Bone",2,"Monster Broth",4,30,-2,-1,1,4,3,"Male/Female","Gunner",6,8,9,"OO-","Attack",-2,"Evade Inc",3,"Technique",2,,,,
"Tigrex Tasset S","10750z","Tigrex Carapace",2,"Tigrex Scale+",4,"Tigrex Claw+",2,"Rare Scarab",3,64,3,-2,-1,2,3,"Male/Female","Blade",6,6,9,"O--","Protection",-2,"HearProtct",2,"PsychicVis",3,"Cooking",2,,
"Tigrex Coat S","10750z","Tigrex Carapace",2,"Tigrex Scale+",4,"Tigrex Claw+",2,"Rare Scarab",3,30,4,-1,0,3,4,"Male/Female","Gunner",6,6,9,"O--","Protection",-2,"HearProtct",2,"PsychicVis",3,"Cooking",2,,
"Rathalos Tasset S","10750z","Rathalos Carpace",3,"Rathalos Scale+",3,"Inferno Sac",2,"Rathalos Webbing",3,64,2,2,-4,-1,-3,"Male/Female","Blade",6,5,9,"OO-","Faint",-1,"Rec Speed",2,"Attack",4,,,,
"Rathalos Coat S","10750z","Rathalos Carpace",3,"Rathalos Scale+",3,"Inferno Sac",2,"Rathalos Webbing",3,30,4,5,-2,0,-1,"Male/Female","Gunner",6,5,9,"O--","Faint",-2,"Rec Speed",3,"Attack",4,,,,
"Diablo Coil S","10750z","Diablos Thoracic",2,"Diablos Carapace",2,"Dragonite Ore",2,"King Scarab",5,64,3,1,0,-1,-2,"Male/Female","Blade",6,6,9,"OO-","Health",-2,"Expert",3,"WindPress",2,,,,
"Diablo Coat S","10750z","Diablos Thoracic",2,"Diablos Carapace",2,"Dragonite Ore",2,"King Scarab",5,30,5,4,0,2,-1,"Male/Female","Gunner",6,6,9,"OO-","Health",-2,"Expert",3,"WindPress",2,,,,
"Gravios Tasset S","10750z","Gravios Carapace",1,"Gravios Shell",3,"Monster Bone+",3,"Gravios BrainStm",1,64,2,2,-2,-2,0,"Male/Female","Blade",6,6,9,"OO-","Guard",2,"Defence",3,"Stamina",-2,,,,
"Gravios Coat S","10750z","Gravios Carapace",1,"Gravios Shell",3,"Monster Bone+",3,"Gravios BrainStm",1,30,4,3,0,1,1,"Male/Female","Gunner",6,6,9,"O--","Recoil",2,"Defence",5,"Stamina",-2,,,,
"Leather Belt U","1350z","Giaprey Hide+",3,"Iron Ore",5,"High Quality Pelt",3,"Bulldrome Hide+",2,20,2,0,0,0,0,"Male/Female","Blade/Gunner",7,4,7,"OOO","Sneak",-1,"Gathering",2,"Alchemy",2,,,,
"Chain Belt U","1650z","Carbalite Ore",2,"Rainbow Ore",2,"Dragonite Ore",3,"Genprey Hide+",2,22,2,-2,0,2,1,"Male/Female","Blade/Gunner",7,4,7,"OO-","Backpackng",2,"Map",-1,"Whim",4,,,,
"Hunter Tasset U","5350z","King Scarab",3,"Carbalite Ore",1,"Bulldrome Hide+",2,"Black Blos Spine",3,36,0,-4,0,0,0,"Male/Female","Blade",7,4,7,"OOO","Sleep",-2,"BombStrUp",2,"PsychicVis",1,,,,
"Hunter Coat U","5350z","King Scarab",3,"Carbalite Ore",1,"Bulldrome Hide+",2,"Black Blos Spine",3,24,2,-2,0,2,2,"Male/Female","Gunner",7,4,7,"OO-","Sleep",-2,"CragS Add",2,"PsychicVis",3,,,,
"Bone Tasset U","7200z","Ioprey Hide+",3,"Master's Skull",1,"Monster Bone+",3,"Bulldrome Hide",4,42,2,-2,-2,2,-2,"Male/Female","Blade",7,4,7,"OO-","Guard",-1,"Anti-Theft",2,"Horn",2,"Fatigue",2,,
"Bone Coat U","7200z","Ioprey Hide+",3,"Monster Broth",3,"Monster Bone+",3,"Bulldrome Hide",4,24,5,0,0,5,-1,"Male/Female","Gunner",7,4,7,"OO-","Anti-Theft",2,"Precision",-2,"Fatigue",3,,,,
"Battle Tasset U","7500z","Bulldrome Hide+",4,"Stout Bone",3,"Remobra Skin",2,"Rainbow Ore",3,44,2,-2,0,-2,-1,"Male/Female","Blade",7,4,7,"OOO","Guard",2,"Defence",1,"Stamina",-2,,,,
"Battle Coat U","7500z","Bulldrome Hide+",4,"Stout Bone",3,"Remobra Skin",2,"Rainbow Ore",3,24,4,0,2,0,0,"Male/Female","Gunner",7,4,7,"OO-","Load",2,"Defence",3,"All Resist",-2,,,,
"Giaprey Tasset U","7500z","Giaprey Scale+",4,"Giaprey Hide+",4,"Black Blos Shell",1,"Dragonite Ore",4,44,0,1,-1,1,3,"Male/Female","Blade",7,4,7,"OOO","Snow Res",1,"Fire Res",-2,"Evade",2,,,,
"Giaprey Coat U","7500z","Giaprey Scale+",4,"Giaprey Hide+",4,"Black Blos Shell",1,"Dragonite Ore",4,24,1,3,0,3,4,"Male/Female","Gunner",7,4,7,"OO-","Snow Res",3,"Fire Res",-2,"Evade",2,,,,
"Vespoid Tasset U","7800z","Vespoid InnrWng",3,"Vespoid Carapace",3,"Rainbow Insect",2,"Fire Stone",1,48,-6,2,2,-5,-4,"Male/Female","Blade",7,4,7,"OO-","Sleep",3,"Spc Attack",2,"Water Res",-2,,,,
"Vespoid Coat U","7800z","Vespoid InnrWng",3,"Vespoid Carapace",3,"Rainbow Insect",2,"Fire Stone",1,24,-5,5,2,-4,-3,"Male/Female","Gunner",7,4,7,"OO-","Sleep",3,"Spc Attack",2,"Water Res",-2,,,,
"Hi-Metal Tasset U","7800z","Basarios Tears",1,"Carbalite Ore",3,"Machalite Ore",10,"Thunderbug Juice",3,48,-2,3,0,-2,-1,"Male/Female","Blade",7,5,7,"OOO","ElementAtk",1,"Protection",2,"Stamina",-2,,,,
"Hi-Metal Coat U","7800z","Basarios Tears",1,"Carbalite Ore",3,"Machalite Ore",10,"Thunderbug Juice",3,24,0,5,0,0,0,"Male/Female","Gunner",7,5,7,"OO-","ElementAtk",3,"Protection",2,"Stamina",-2,,,,
"Steel Belt U","8950z","Nova Crystal",1,"Rainbow Ore",3,"Lightcrystal",2,"Dragonite Ore",12,50,2,-2,0,2,0,"Male/Female","Blade",7,4,7,"OO-","Guard",2,"PsychicVis",3,"Stamina",-2,,,,
"Hornet Tasset U","8800z","HornetaurInnrWng",3,"Hornetaur Carpce",3,"Rainbow Insect",2,"Congalala Claw+",1,50,-6,-5,2,-1,-5,"Male/Female","Blade",7,4,7,"O--","Protection",-3,"HearProtct",4,"Gathering",2,,,,
"Hornet Coat U","8800z","HornetaurInnrWng",3,"Hornetaur Carpce",3,"Rainbow Insect",2,"Congalala Claw+",1,24,-5,-3,3,2,-4,"Male/Female","Gunner",7,4,7,"O--","Protection",-3,"HearProtct",4,"Gathering",2,,,,
"Genprey Tasset U","8800z","Genprey Scale+",6,"Rainbow Insect",2,"Genprey Hide+",9,"Killer Beetle",3,50,2,3,-1,-2,-2,"Male/Female","Blade",7,4,7,"OOO","Paralysis",1,"Ice Res",-2,"Fate",2,,,,
"Genprey Coat U","8800z","Genprey Scale+",6,"Rainbow Insect",2,"Genprey Hide+",9,"Killer Beetle",3,24,4,5,0,0,0,"Male/Female","Gunner",7,4,7,"OO-","Paralysis",3,"Ice Res",-2,"Fate",2,,,,
"Ioprey Tasset U","8950z","Ioprey Scale+",6,"Rainbow Insect",3,"Flabby Hide",3,"Rubbery Hide+",2,50,3,-2,-1,2,1,"Male/Female","Blade",7,5,7,"OOO","Poison",1,"ThunderRes",-2,"Recovery",2,,,,
"Ioprey Coat U","8950z","Ioprey Scale+",6,"Rainbow Insect",3,"Flabby Hide",3,"Rubbery Hide+",2,26,4,0,0,3,2,"Male/Female","Gunner",7,5,7,"OO-","Poison",3,"ThunderRes",-2,"Recovery",2,,,,
"Kut-Ku Tasset U","8950z","Blue Kut-Ku Scl+",2,"Blue Kut-Ku Cpc",3,"Bulldrome Hide+",1,"Monster Bone+",3,50,2,0,-1,-2,-2,"Male/Female","Blade",7,4,8,"OO-","Health",-2,"Expert",3,"ElementAtk",2,,,,
"Kut-Ku Coat U","8950z","Blue Kut-Ku Scl+",2,"Blue Kut-Ku Cpc",3,"Bulldrome Hide+",1,"Monster Bone+",3,26,5,3,0,1,-1,"Male/Female","Gunner",7,4,8,"OO-","Health",-2,"Expert",3,"ElementAtk",2,,,,
"Cephalos Tasset U","9000z","Coral Cphlos Scl",1,"Coral Cphlos Fin",4,"Machalite Ore",10,"Iron Ore",15,52,-3,-4,0,2,2,"Male/Female","Blade",7,4,7,"OOO","Hunger",2,"Heat Res",2,"Cold Res",-1,,,,
"Cephalos Coat U","9000z","Coral Cphlos Scl",1,"Coral Cphlos Fin",4,"Machalite Ore",10,"Iron Ore",15,26,-1,-2,1,5,3,"Male/Female","Gunner",7,4,7,"OO-","Hunger",4,"Heat Res",2,"Cold Res",-1,,,,
"Conga Tasset U","9000z","Congalala Pelt+",3,"Congalala Fang",3,"Remobra Skin",4,"Monster Bone+",2,52,-3,2,0,2,-1,"Male/Female","Blade",7,4,7,"OO-","BombStrUp",2,"Hunger",-3,"Potential",2,,,,
"Conga Coat U","9000z","Congalala Pelt+",3,"Congalala Fang",3,"Remobra Skin",4,"Monster Bone+",2,26,-1,4,1,4,0,"Male/Female","Gunner",7,4,7,"OO-","PelletS Up",2,"BombStrUp",2,"Hunger",-3,,,,
"Gypceros Tasset U","9000z","Pur GypcerosWng",2,"Monster Broth",2,"Antiseptic Stone",8,"Rare Scarab",2,52,-4,4,0,1,1,"Male/Female","Blade",7,5,7,"OOO","Faint",1,"WindPress",2,"Fate",-2,,,,
"Gypceros Coat U","9000z","Pur GypcerosWng",2,"Monster Broth",2,"Antiseptic Stone",8,"Rare Scarab",2,26,-1,6,0,4,3,"Male/Female","Gunner",7,5,7,"OO-","Faint",4,"WindPress",2,"Fate",-1,,,,
"Khezu Tasset U","9100z","Alluring Webbing",2,"Pale Khezu Steak",1,"Monster Bone+",4,"Lifepowder",3,54,3,4,0,-3,0,"Male/Female","Blade",7,5,7,"OO-","Rec Speed",-1,"Wide Area",4,"Recovery",2,,,,
"Khezu Coat U","9100z","Alluring Webbing",2,"Pale Khezu Steak",1,"Monster Bone+",4,"Lifepowder",3,26,5,6,0,-1,1,"Male/Female","Gunner",7,5,7,"OO-","Rec Speed",-1,"Wide Area",4,"Recovery",2,,,,
"Hermitaur Tasset U","9100z","Hermitaur Carpce",4,"Rainbow Insect",1,"Sharp Claw",4,"Stout Bone",3,54,-3,-4,1,3,0,"Male/Female","Blade",7,4,7,"OO-","Guard Up",2,"Defence",2,"ThunderRes",-3,,,,
"Hermitaur Coat U","9100z","Hermitaur Carpce",4,"Rainbow Insect",1,"Sharp Claw",4,"Stout Bone",3,26,-1,-2,2,5,1,"Male/Female","Gunner",7,4,7,"OO-","Guard Up",2,"Defence",2,"ThunderRes",-3,,,,
"Basarios Tasset U","9100z","Basarios Carpace",4,"Carbalite Ore",7,"Toxin Sac",3,"Machalite Ore",20,54,0,2,-2,2,1,"Male/Female","Blade",7,5,7,"OO-","Faint",-2,"Guard",2,"Terrain",3,,,,
"Basarios Coat U","9100z","Basarios Carpace",4,"Carbalite Ore",7,"Toxin Sac",3,"Machalite Ore",20,26,2,4,0,4,2,"Male/Female","Gunner",7,5,7,"OO-","Faint",-2,"PierceSAdd",3,"Terrain",2,,,,
"Blango Tasset U","9900z","Blangonga Pelt+",4,"Blangonga Whiskr",1,"Brute Bone",3,"Genprey Hide+",4,58,-4,0,1,2,3,"Male/Female","Blade",7,5,8,"OO-","Spc Attack",3,"HearProtct",2,"Terrain",-2,,,,
"Blango Coat U","9900z","Blangonga Pelt+",4,"Blangonga Whiskr",1,"Brute Bone",3,"Genprey Hide+",4,28,-3,1,2,4,5,"Male/Female","Gunner",7,5,8,"OO-","Spc Attack",3,"HearProtct",2,"Terrain",-2,,,,
"Ceanataur Tasset U","10050z","Ceanataur Carpce",3,"Ceanataur Shell",4,"DaoraDragonScale",3,"Rainbow Ore",3,59,1,-1,0,2,-1,"Male/Female","Blade",7,5,8,"OO-","Health",-3,"Sharpness",2,"Expert",2,,,,
"Ceanataur Coat U","10050z","Ceanataur Carpce",3,"Ceanataur Shell",4,"DaoraDragonScale",3,"Rainbow Ore",3,28,2,0,2,4,0,"Male/Female","Gunner",7,5,8,"OO-","Health",-3,"Expert",2,"Load",2,,,,
"Diablo Coil U","10750z","Blk Blos Thracic",2,"Black Blos Cpc",2,"Remobra Skin+",3,"King Scarab",5,62,3,1,0,-1,-2,"Male/Female","Blade",7,6,9,"OO-","Sharpness",2,"Defence",-2,"WindPress",3,,,,
"Diablo Coat U","10750z","Blk Blos Thracic",2,"Black Blos Cpc",2,"Remobra Skin+",3,"King Scarab",5,28,5,4,0,2,-1,"Male/Female","Gunner",7,6,9,"OO-","Load",2,"WindPress",3,"Fate",-2,,,,
"Gravios Tasset U","10750z","Blk Gravios Cpc",1,"Blk Gravios Shl",3,"Hrd Monster Bone",1,"Nova Crystal",1,62,2,2,0,-2,1,"Male/Female","Blade",7,6,9,"OO-","Guard Up",2,"Hunger",-2,"Defence",3,,,,
"Gravios Coat U","10750z","Blk Gravios Cpc",1,"Blk Gravios Shl",3,"Hrd Monster Bone",1,"Nova Crystal",1,28,4,3,0,1,2,"Male/Female","Gunner",7,6,9,"OO-","Guard Up",2,"Hunger",-2,"Defence",3,,,,
"Black Belt Tasset S","5250z","Rare Scarab",4,"Expert Ticket",6,"Gravios Coin",10,"Plesioth Coin",12,30,3,3,3,3,3,"Male/Female","Blade/Gunner",8,4,7,"OO-","Artisan",2,"Map",-2,"Loading",2,"Cooking",1,,
"Shinobi Belt(Heaven)","16000z","Fatalis Webbing",1,"Commendation",1,"Pokke Ticket",1,"Azr Rathlos Scl+",5,30,2,4,2,-6,-3,"Male/Female","Blade/Gunner",8,"6!",10,"OO-","ElementAtk",2,"Cold Res",-2,"Evade",3,,,,
"Shinobi Belt (Earth)","16000z","Fatalis Webbing",1,"Commendation",1,"Pokke Ticket",1,"Azr Rathlos Scl+",5,30,2,4,2,-6,-3,"Male/Female","Blade/Gunner",8,"6!",10,"OO-","Sneak",2,"Hunger",4,"Heat Res",-1,,,,
"Red Guild Guard Coil","16000z","Firecell Stone",2,"FlynMealPassPlus",1,"Commendation",1,"Monoblos Heart",1,30,0,0,0,0,0,"Male","Blade/Gunner",8,4,7,"O--","Protection",-2,"Backpackng",2,"Whim",3,"Fate",2,,
"Red Guild Guard Coat","16000z","Firecell Stone",2,"FlynMealPassPlus",1,"Commendation",1,"Monoblos Heart",1,30,0,0,0,0,0,"Male","Blade/Gunner",8,4,7,"O--","PelletS Up",2,"PelletSAdd",3,"Protection",-2,"Backpackng",2,,
"Blue GuildGuard Coil","16000z","Nova Crystal",2,"Pokke Ticket",2,"Commendation",1,"Lunastra Shell",4,30,0,0,0,0,0,"Male","Blade/Gunner",8,4,"5!7","O--","Protection",2,"Fate",-3,"Carving",4,,,,
"Blue GuildGuard Coat","16000z","Nova Crystal",2,"Pokke Ticket",2,"Commendation",1,"Lunastra Mane",2,30,0,0,0,0,0,"Male","Blade/Gunner",8,4,"5!7","O--","NormalS Up",2,"Fate",-3,"Carving",4,,,,
"Red Guild Guard Coil","16000z","Firecell Stone",2,"FlynMealPassPlus",1,"Commendation",1,"Monoblos Heart",1,30,0,0,0,0,0,"Female","Blade/Gunner",8,4,7,"O--","Protection",-2,"Backpackng",2,"Whim",3,"Fate",2,,
"Red Guild Guard Coat","16000z","Firecell Stone",2,"FlynMealPassPlus",1,"Commendation",1,"Monoblos Heart",1,30,0,0,0,0,0,"Female","Blade/Gunner",8,4,7,"O--","PelletS Up",2,"PelletSAdd",3,"Protection",-2,"Backpackng",2,,
"Blue GuildGuard Coil","16000z","Nova Crystal",2,"Pokke Ticket",2,"Commendation",1,"Lunastra Shell",4,30,0,0,0,0,0,"Female","Blade/Gunner",8,4,"5!7","O--","Protection",2,"Fate",-3,"Carving",4,,,,
"Blue GuildGuard Coat","16000z","Nova Crystal",2,"Pokke Ticket",2,"Commendation",1,"Lunastra Mane",2,30,0,0,0,0,0,"Female","Blade/Gunner",8,4,"5!7","O--","NormalS Up",2,"Fate",-3,"Carving",4,,,,
"Devil Blos Coil","5800z","One-HornedTicket",1,"Diablos Carapace",2,"Diablos Thoracic",3,"King Scarab",5,40,3,1,0,-1,-2,"Male/Female","Blade",8,6,9,"O--","PsychicVis",4,"Stamina",1,"Technique",-2,"Fast Chrge",2,,
"Devil Blos Coat","5800z","One-HornedTicket",1,"Diablos Carapace",2,"Diablos Thoracic",3,"King Scarab",5,20,5,4,0,2,-1,"Male/Female","Gunner",8,6,9,"OO-","PsychicVis",1,"Stamina",2,"Technique",-2,"Fast Chrge",2,,
"Jolly Roger Coil","13500z","Pirate J Ticket",1,"Fire Drgn Scl+",3,"Ancient Fish",2,"Remobra Skin+",2,48,0,0,0,0,0,"Male/Female","Blade",8,"6!",10,"---","BombStrUp",3,"Protection",-2,"Fate",2,"Carving",4,,
"Jolly Roger Skirt","13500z","Pirate J Ticket",1,"Fire Drgn Scl+",3,"Ancient Fish",2,"Remobra Skin+",2,24,0,0,0,0,0,"Male/Female","Gunner",8,"6!",10,"---","BombStrUp",3,"Protection",-2,"Fate",2,"Carving",4,,
"Golden Obi","15500z","Rajang Horn",1,"Gld Rathian Scl+",1,"Blk Rajang Pelt",2,,,55,3,2,3,2,-2,"Male/Female","Blade",8,6,9,"O--","Sneak",-2,"Artisan",2,"Potential",3,"Horn",2,,
"Puppet Master Obi","15500z","Rajang Horn",1,"Blk Rajang Pelt",4,"DaoraDragonScal+",2,"Remobra Skin+",2,28,4,3,4,3,-1,"Male/Female","Gunner",8,6,8,"O--","Sneak",2,"Potential",3,"Precision",-1,"Gunnery",3,,
"Obituary Anka S","9100z","Rare Scarab",2,"Great Hornfly",3,"Toxin Sac",4,"Great Ladybug",3,56,3,3,2,-5,-4,"Male","Blade",8,4,7,"OO-","Spc Attack",2,"Cold Res",-2,"Evade",3,,,,
"Obituary Cocusa S","9100z","Rare Scarab",2,"Great Hornfly",3,"Toxin Sac",4,"Great Ladybug",3,28,4,5,2,-4,-3,"Male","Gunner",8,4,7,"O--","Spc Attack",2,"Cold Res",-3,"Evade",4,,,,
"Butterfly Anka S","9100z","Rare Scarab",2,"Great Hornfly",3,"Toxin Sac",4,"Great Ladybug",3,56,3,3,2,-5,-4,"Female","Blade",8,4,7,"OO-","Spc Attack",2,"Cold Res",-2,"Evade",3,,,,
"Butterfly Cocusa S","9100z","Rare Scarab",2,"Great Hornfly",3,"Toxin Sac",4,"Great Ladybug",3,28,4,5,2,-4,-3,"Female","Gunner",8,4,7,"O--","Spc Attack",2,"Cold Res",-3,"Evade",4,,,,
"DeathStench Bowels S","10750z","Sinister Cloth",2,"Hrd Monster Bone",2,"Striped Skin",3,"Elder Drgn Bone",2,64,2,1,0,1,-1,"Male/Female","Blade",8,4,7,"OO-","Health",-3,"Fencing",2,"Spc Attack",2,,,,
"Death Stench Belly S","10750z","Sinister Cloth",2,"Hrd Monster Bone",2,"Striped Skin",3,"Elder Drgn Bone",2,30,3,2,1,2,0,"Male/Female","Gunner",8,4,7,"OO-","Health",-3,"Spc Attack",2,"Speed Fire",2,,,,
"Supreme Mizuha Sash","14000z","Chameleos Hide+",2,"Chameleos Tail",1,"Elder Drgn Bone",5,"Nova Crystal",1,64,-4,0,-1,3,4,"Male/Female","Blade",8,6,9,"OO-","HearProtct",2,"WindPress",3,"Terrain",-2,,,,
"SuprmExtravagantCoat","14000z","Chameleos Hide+",2,"Chameleos Tail",1,"Elder Drgn Bone",5,"Nova Crystal",1,30,-3,1,0,4,5,"Male/Female","Gunner",8,6,9,"O--","HearProtct",2,"WindPress",5,"Terrain",-2,,,,
"Kushala Cocoon S","16000z","Daora Carapace",2,"Daora Sharp Claw",2,"Daora Webbing",2,"Firecell Stone",1,66,0,-2,-3,2,4,"Male/Female","Blade",8,6,8,"O--","Poison",-3,"Terrain",4,"Fast Chrge",2,,,,
"Kushala Wind Wrap S","16000z","Daora Carapace",2,"Daora Sharp Claw",2,"Daora Webbing",2,"Firecell Stone",1,32,2,-2,-2,3,5,"Male/Female","Gunner",8,6,8,"O--","Poison",-3,"Terrain",4,"Fast Chrge",2,,,,
"Kirin Hoop S","16000z","Kirin Hide+",1,"Kirin Hide",3,"Kirin Azure Horn",2,"Thunder Sac",3,66,0,4,-1,2,0,"Male/Female","Blade",8,5,9,"OO-","ElementAtk",2,"All Resist",3,"Everlastng",-2,,,,
"Kirin Shorts S","16000z","Kirin Hide+",1,"Kirin Hide",3,"Kirin Azure Horn",2,"Thunder Sac",3,32,1,6,0,4,1,"Male/Female","Gunner",8,5,9,"OO-","ElementAtk",2,"All Resist",3,"Everlastng",-2,,,,
"Auroros Tasset Haku","16000z","Lao-ShanCarapace",4,"Daora Sharp Claw",2,"Gravios BrainStm",1,"Commendation",3,66,-2,0,-4,2,2,"Male","Blade",8,6,8,"OO-","Faint",-1,"Rec Speed",2,"Guard",2,"Guard Up",2,,
"Genesis Tasset Haku","16000z","Lao-ShanCarapace",4,"Daora Sharp Claw",2,"Gravios BrainStm",1,"Commendation",3,32,1,2,-2,3,3,"Male","Gunner",8,6,8,"OO-","Faint",-1,"Rec Speed",2,"Load",4,,,,
"Borealis Tasset Haku","16000z","Lao-ShanCarapace",4,"Daora Sharp Claw",2,"Gravios BrainStm",1,"Commendation",3,66,-2,0,-4,2,2,"Female","Blade",8,6,8,"OO-","Faint",-1,"Rec Speed",2,"Guard",2,"Guard Up",2,,
"Glyph Tasset Haku","16000z","Lao-ShanCarapace",4,"Daora Sharp Claw",2,"Gravios BrainStm",1,"Commendation",3,32,1,2,-2,3,3,"Female","Gunner",8,6,8,"OO-","Faint",-1,"Rec Speed",2,"Load",4,,,,
"Ultimate Indra Wrap","21000z","Gaoren Carapace",2,"Gaoren Claw",1,"Daora Carapace",1,"Rare Scarab",2,70,-2,2,-2,3,2,"Male/Female","Blade",8,6,9,"O--","Guard",5,"Cooking",-2,"Quake Res",2,,,,
"SupremeSteadfastCoat","21000z","Gaoren Carapace",2,"Gaoren Claw",1,"Daora Carapace",1,"Rare Scarab",2,34,0,3,-1,5,3,"Male/Female","Gunner",8,6,9,"O--","Recoil",4,"Fate",1,"Cooking",-2,"Quake Res",2,,
"Kaiser Tasset S","21000z","Fire Drgn Scl+",4,"Teostra Mane",2,"Firecell Stone",2,"ElderDragonBlood",3,70,5,0,-2,-1,0,"Male/Female","Blade",8,6,9,"O--","Expert",5,"Cold Res",-2,"Fatigue",2,,,,
"Kaiser Coat S","21000z","Fire Drgn Scl+",4,"Teostra Mane",2,"Firecell Stone",2,"ElderDragonBlood",3,34,6,2,-1,1,0,"Male/Female","Gunner",8,6,9,"O--","Expert",5,"Cold Res",-2,"Fatigue",2,,,,
"Dragon Spine S","22222z","Fatalis Shell",3,"Fatalis Scale",2,"Fatalis Webbing",1,"Rathalos Plate",3,70,0,2,-5,2,2,"Male/Female","Blade",8,"6!",10,"O--","Sharpness",3,"Fencing",1,"Expert",-2,"Protection",-3,,
"Dragon Scale S","22222z","Fatalis Shell",3,"Fatalis Scale",2,"Fatalis Webbing",1,"Rathalos Plate",3,34,2,4,-2,4,3,"Male/Female","Gunner",8,"6!",10,"O--","Expert",-2,"NormalS Up",1,"Protection",-3,"Speed Fire",3,,
"DarkAkantor Cincture","21000z","Akantor Spike",2,"Akantor Shell",3,"Akantor Scale",2,"Gold Rajang Pelt",3,70,2,-1,-4,3,4,"Male/Female","Blade",8,6,9,"OO-","Artisan",2,"Expert",2,"HearProtct",1,"Fast Chrge",-2,,
"Dark Akantor Sash","21000z","Akantor Spike",2,"Akantor Shell",3,"Akantor Scale",2,"Gold Rajang Pelt",3,34,3,0,-2,4,5,"Male/Female","Gunner",8,6,9,"OO-","Expert",2,"HearProtct",1,"Loading",2,"Fast Chrge",-2,,
"Bistro Apron U","3000z","Khezu Hide - Tan",3,"FlynMealPassPlus",1,"Frozen Berry",5,,,28,2,2,2,2,2,"Male/Female","Blade/Gunner",8,5,7,"OO-","Cooking",2,"BBQ",5,,,,,,
"Shinobi Belt (Sky)","16000z","Fatalis Webbing",1,"Commendation",1,"Rainbow Insect",2,"Azre Rathlos Cpc",3,28,2,4,2,-6,-3,"Male/Female","Blade/Gunner",8,"6!",10,"OO-","Spc Attack",2,"Cold Res",-2,"Evade",3,,,,
"Shinobi Belt (Sea)","16000z","Fatalis Webbing",1,"Commendation",1,"Rainbow Insect",2,"Azre Rathlos Cpc",3,28,2,4,2,-6,-3,"Male/Female","Blade/Gunner",8,"6!",10,"OO-","Sneak",-2,"Hunger",2,"Wide Area",3,,,,
"Guardian Coil U","16000z","Union Ore",3,"Great Hornfly",4,"Expert Ticket",2,"Diablos Coin",3,28,0,0,0,0,0,"Male","Blade/Gunner",8,4,7,"OO-","Protection",2,"Stamina",-1,"Gunnery",4,,,,
"Guardian Coat U","16000z","Union Ore",3,"Great Hornfly",4,"Expert Ticket",2,"Shogun Coin",3,28,0,0,0,0,0,"Male","Blade/Gunner",8,4,7,"OO-","Sneak",-1,"Protection",2,"Wide Area",4,,,,
"Helper Skirt U","16000z","Union Ore",3,"Great Hornfly",4,"Expert Ticket",2,"Diablos Coin",3,28,0,0,0,0,0,"Female","Blade/Gunner",8,4,7,"OO-","Protection",2,"Stamina",-1,"Gunnery",4,,,,
"Healer Frills U","16000z","Union Ore",3,"Great Hornfly",4,"Expert Ticket",2,"Shogun Coin",3,28,0,0,0,0,0,"Female","Blade/Gunner",8,4,7,"OO-","Sneak",-1,"Protection",2,"Wide Area",4,,,,
"Melahoa Skirt U","7800z","King Scarab",4,"Dosbiscus",5,"FlynMealPassPlus",1,"Ancient Potion",1,48,0,1,0,1,0,"Male/Female","Blade",8,4,7,"OO-","Health",-1,"Gathering",3,"HiSpdGathr",2,"Recovery",1,,
"Melahoa Trunk U","7800z","King Scarab",4,"Dosbiscus",5,"FlynMealPassPlus",1,"Ancient Potion",1,24,0,1,0,2,0,"Male/Female","Gunner",8,4,7,"OO-","Health",-1,"Gathering",3,"HiSpdGathr",2,"Recovery",1,,
"Makluva Coat U","9000z","Cephalos Scale+",8,"Springnight Carp",5,"Small Goldenfish",5,"Book of Combos 1",1,52,0,-2,0,2,0,"Male/Female","Blade",8,4,7,"OO-","Fishing",1,"MixSucRate",4,"Alchemy",2,,,,
"Makluva Fin U","9000z","Cephalos Scale+",8,"Springnight Carp",5,"Small Goldenfish",5,"Book of Combos 1",1,26,0,-1,0,3,0,"Male/Female","Gunner",8,4,7,"OO-","Fishing",1,"MixSucRate",4,"Alchemy",2,,,,
"Monodevil Coil U","9900z","WhtMnoblosThrcic",3,"Wht Monoblos Cpc",3,"Majestic Wht Hrn",1,"Hrd Monster Bone",4,58,2,-2,-1,-1,-1,"Male/Female","Blade",8,10,"8!","OO-","Artisan",2,"Expert",1,"Protection",-2,"Potential",2,,
"Monodevil Coat U","9900z","WhtMnoblosThrcic",3,"Wht Monoblos Cpc",3,"Majestic Wht Hrn",1,"Hrd Monster Bone",4,28,4,0,0,2,0,"Male/Female","Gunner",8,10,"8!","OO-","Expert",1,"Protection",-2,"Potential",2,"Loading",2,,
"Rathian Heart Coil U","13950z","PnkRathian Scl+",3,"Pnk Rathian Cpc",2,"Inferno Sac",2,"Rathian Ruby",1,60,2,-2,-4,0,0,"Male/Female","Blade",8,6,9,"OO-","Antiseptic",1,"Sneak",-1,"Whim",3,"Recovery",2,,
"Rathian Heart Coat U","13950z","PnkRathian Scl+",3,"Pnk Rathian Cpc",2,"Inferno Sac",2,"Rathian Ruby",1,28,4,0,-2,2,2,"Male/Female","Gunner",8,6,9,"OO-","Antiseptic",1,"Sneak",-1,"Whim",3,"Recovery",2,,
"Rathalos Soul Coil U","14500z","Azre Rathlos Cpc",2,"Azr Rathlos Scl+",4,"Carbalite Ore",3,"Inferno Sac",2,62,2,2,-4,-1,0,"Male/Female","Blade",8,6,9,"OO-","Health",-2,"Expert",2,"HearProtct",3,,,,
"Rathalos Soul Coat U","14500z","Azre Rathlos Cpc",2,"Azr Rathlos Scl+",4,"Carbalite Ore",3,"Inferno Sac",2,28,4,5,-2,2,1,"Male/Female","Gunner",8,6,9,"OO-","Health",-2,"Expert",2,"HearProtct",3,,,,
"Golden Moon Tasset","15100z","Gld Rathian Scl+",3,"Gld Rathian Cpc",4,"Rathian Plate",1,"Rathian Ruby",1,62,2,-2,1,0,0,"Male/Female","Blade",8,6,9,"OO-","Health",3,"Whim",-1,"Fate",3,,,,
"Golden Moon Coat","15100z","Gld Rathian Scl+",3,"Gld Rathian Cpc",4,"Rathian Plate",1,"Rathian Ruby",1,31,4,0,2,2,1,"Male/Female","Gunner",8,6,9,"OO-","Health",3,"Whim",-1,"Fate",3,,,,
"Silver Sol Tasset","16000z","Slvr Rathlos Cpc",2,"Slvr Ratlos Scl+",4,"Rathalos Ruby",1,"FireWyvrn BrnStm",1,64,2,-1,1,-1,0,"Male/Female","Blade",8,6,9,"OO-","Fencing",2,"Attack",3,"Defence",-2,,,,
"Silver Sol Coat","16000z","Slvr Rathlos Cpc",2,"Slvr Ratlos Scl+",4,"Rathalos Ruby",1,"FireWyvrn BrnStm",1,32,4,1,2,2,1,"Male/Female","Gunner",8,6,9,"OO-","PierceS Up",2,"ElementAtk",1,"Attack",2,"Defence",-2,,
"Auroros Tasset Ten","32500z","Azure LaoS Shell",4,"Chameleos Hide+",5,"Wyvern Stone",4,"Commendation",3,64,-2,0,-4,2,2,"Male","Blade",8,6,9,"OO-","Faint",-2,"Rec Speed",3,"Fencing",2,,,,
"Genesis Tasset Ten","32500z","Azure LaoS Shell",4,"Chameleos Hide+",5,"Wyvern Stone",4,"Commendation",3,30,1,2,-2,3,3,"Male","Gunner",8,6,9,"OO-","Faint",-2,"Rec Speed",3,"PierceS Up",2,,,,
"Borealis Tasset Ten","32500z","Azure LaoS Shell",4,"Chameleos Hide+",5,"Wyvern Stone",4,"Commendation",3,64,-2,0,-4,2,2,"Female","Blade",8,6,9,"OO-","Faint",-2,"Rec Speed",3,"Fencing",2,,,,
"Glyph Tasset Ten","32500z","Azure LaoS Shell",4,"Chameleos Hide+",5,"Wyvern Stone",4,"Commendation",3,30,1,2,-2,3,3,"Female","Gunner",8,6,9,"OO-","Faint",-2,"Rec Speed",3,"PierceS Up",2,,,,
"Fatalis Spine","33333z","Fatalis CrmsnShl",3,"Fatalis CrmsnScl",2,"Fatalis CrmsnWng",1,"Rathalos Plate",3,68,0,2,-5,2,2,"Male/Female","Blade",8,"6!",10,"O--","Artisan",2,"Defence",-2,"Protection",-3,"Stamina",2,,
"Fatalis Scale","33333z","Fatalis CrmsnShl",3,"Fatalis CrmsnScl",2,"Fatalis CrmsnWng",1,"Rathalos Plate",3,32,2,4,-2,4,3,"Male/Female","Gunner",8,"6!",10,"O--","Defence",-2,"Protection",-3,"Stamina",2,"Loading",2,,
"White Fatalis Spine","44444z","Wht Fatalis Cpc",3,"Wht Fatalis Scl",2,"Wht Fatalis Wbng",1,"Daora Jewel",1,71,0,2,-5,2,2,"Male/Female","Blade",8,"6!",10,"O--","Sharpness",-2,"Artisan",2,"Fencing",2,"Protection",-3,,
"White Fatalis Scale","44444z","Wht Fatalis Cpc",3,"Wht Fatalis Scl",2,"Wht Fatalis Wbng",1,"Daora Jewel",1,35,2,4,-2,4,3,"Male/Female","Gunner",8,"6!",10,"O--","Protection",-3,"Stamina",-2,"Loading",2,"Fast Chrge",2,,
"Kut-Ku Tasset X","12800z","Kut-Ku Thck Scl",2,"Kut-Ku Hvy Cpc",3,"BirdWyvnStoutBne",3,,,78,2,0,-1,-2,-2,"Male/Female","Blade",9,7,10,"OO-","Rec Speed",1,"Attack",2,"Defence",-2,"PsychicVis",4,,
"Kut-Ku Coat X","12800z","Kut-Ku Thck Scl",2,"Kut-Ku Hvy Cpc",3,"BirdWyvnStoutBne",3,,,38,5,3,0,1,-1,"Male/Female","Gunner",9,7,10,"OO-","Rec Speed",1,"Attack",2,"Defence",-2,"PsychicVis",4,,
"Conga Tasset X","13300z","Congalala Pelt G",3,"Congalala Fang",3,"Bullfango Pelt+",2,"Hrd Monster Bone",2,80,-3,2,0,2,-1,"Male/Female","Blade",9,7,10,"OO-","Antiseptic",3,"Hunger",-2,"Attack",4,,,,
"Conga Coat X","13300z","Congalala Pelt G",3,"Congalala Fang",3,"Bullfango Pelt+",2,"Hrd Monster Bone",2,40,-1,4,1,4,0,"Male/Female","Gunner",9,7,10,"OO-","Antiseptic",3,"Hunger",-2,"Attack",4,,,,
"Gypceros Tasset X","13300z","Rubbery Hide G",4,"Monster Broth+",2,"Pure Crystal",1,"Union Ore",4,80,-4,4,0,1,1,"Male/Female","Blade",9,7,10,"OO-","Poison",2,"Recovery",-3,"Carving",4,,,,
"Gypceros Coat X","13300z","Rubbery Hide G",4,"Monster Broth+",2,"Pure Crystal",1,"Union Ore",4,40,-1,6,0,4,3,"Male/Female","Gunner",9,7,10,"OO-","Recovery",-3,"Carving",4,"PoisnCtAdd",2,,,,
"Khezu Tasset X","13800z","Khezu Hide-Gloss",3,"Carbalite Ore",6,"King Scarab",8,"Thunderbug Jelly",3,82,-3,4,0,3,1,"Male/Female","Blade",9,7,10,"OO-","Paralysis",3,"Faint",-2,"Recovery",4,,,,
"Khezu Coat X","13800z","Khezu Hide-Gloss",3,"Carbalite Ore",6,"King Scarab",8,"Thunderbug Jelly",3,40,-1,6,0,5,2,"Male/Female","Gunner",9,7,10,"OO-","Paralysis",3,"Faint",-2,"Recovery",4,,,,
"Hermitaur Tasset X","13800z","Hermitaur HvyCpc",4,"Hermitaur Carpce",6,"Hermitaur Claw+",2,"Monster Bone+",15,82,-3,-4,1,3,0,"Male/Female","Blade",9,7,10,"OO-","Guard Up",3,"BombStrUp",2,"Defence",2,"All Resist",-2,,
"Hermitaur Coat X","13800z","Hermitaur HvyCpc",4,"Hermitaur Carpce",6,"Hermitaur Claw+",2,"Monster Bone+",15,40,-1,-2,2,5,1,"Male/Female","Gunner",9,7,10,"OO-","Guard Up",3,"CragS Add",2,"Defence",2,"All Resist",-2,,
"Hypnoc Tasset X","13800z","Hypnoc Feather+",3,"Rainbow Down",6,"Etherlite Ore",2,"Monster Broth+",4,82,-2,0,1,2,1,"Male/Female","Blade",9,7,10,"OOO","Paralysis",-2,"Sleep",4,"Technique",1,,,,
"Hypnoc Coat X","13800z","Hypnoc Feather+",3,"Rainbow Down",6,"Etherlite Ore",2,"Monster Broth+",4,40,0,2,2,4,3,"Male/Female","Gunner",9,7,10,"OO-","Paralysis",-2,"Sleep",1,"Technique",6,,,,
"Basarios Tasset X","13800z","Basarios Hvy Cpc",4,"Basarios Carpace",5,"Genprey Hide+",6,"Etherlite Ore",4,84,0,2,-2,2,1,"Male/Female","Blade",9,8,10,"OO-","Attack",-2,"Defence",3,"Protection",1,"Gunnery",3,,
"Basarios Coat X","13800z","Basarios Hvy Cpc",4,"Basarios Carpace",5,"Genprey Hide+",6,"Etherlite Ore",4,42,2,4,0,4,2,"Male/Female","Gunner",9,8,10,"OO-","Attack",-2,"Defence",3,"Protection",1,"Gunnery",3,,
"Plesioth Tasset X","14250z","Plsioth Thck Scl",3,"Plesioth Fin G",1,"Plesioth Scale+",3,"Union Ore",2,84,-4,-4,0,4,2,"Male/Female","Blade",9,7,10,"OO-","Stamina",1,"Technique",-1,"Trapper",2,"Observance",5,,
"Plesioth Coat X","14250z","Plsioth Thck Scl",3,"Plesioth Fin G",1,"Plesioth Scale+",3,"Union Ore",2,42,-2,-2,1,6,3,"Male/Female","Gunner",9,7,10,"OO-","Stamina",1,"Technique",-1,"Trapper",2,"Observance",5,,
"Monoblos Coil X","14750z","Melange Ore",3,"Majestic Red Hrn",1,"Monoblos Thrcic",4,"Hvy Monster Bone",4,88,2,-2,-1,-1,-1,"Male/Female","Blade",9,"7!","8!","OO-","Expert",1,"Protection",-2,"PsychicVis",2,"Potential",4,,
"Monoblos Coat X","14750z","Melange Ore",3,"Majestic Red Hrn",1,"Monoblos Thrcic",4,"Hvy Monster Bone",4,44,4,0,0,2,0,"Male/Female","Gunner",9,"7!","8!","OO-","Expert",1,"Protection",-2,"PsychicVis",2,"Potential",4,,
"Garuga Tasset X","14750z","Garuga Scale G",4,"Garuga Hvy Cpc",4,"Blaze Sac",3,"Emperor Locust",2,88,2,2,0,0,0,"Male/Female","Blade",9,8,10,"OO-","Rec Speed",-2,"SwdShrpner",1,"Spc Attack",4,"HearProtct",2,,
"Garuga Coat X","14750z","Garuga Scale G",4,"Garuga Hvy Cpc",4,"Blaze Sac",3,"Emperor Locust",2,44,3,3,0,2,1,"Male/Female","Gunner",9,8,10,"OO-","Rec Speed",-2,"Spc Attack",4,"HearProtct",2,"RazorCtAdd",1,,
"Blango Tasset X","14750z","Blangonga Pelt G",4,"Blngnga HrdWhskr",2,"Stout Bone",3,"Kirin Hide+",2,88,-4,0,1,2,3,"Male/Female","Blade",9,8,10,"OO-","ElementAtk",3,"Heat Res",-2,"Quake Res",4,,,,
"Blango Coat X","14750z","Blangonga Pelt G",4,"Blngnga HrdWhskr",2,"Stout Bone",3,"Kirin Hide+",2,44,-3,1,2,4,5,"Male/Female","Gunner",9,8,10,"OO-","ElementAtk",3,"Heat Res",-2,"Shot Mix",4,,,,
"Ceanataur Tasset X","15100z","CeanataurHvyCpc",3,"Ceanataur Carpce",4,"Black Pearl",4,"PhantomButterfly",2,89,1,-1,0,2,-1,"Male/Female","Blade",9,8,10,"OO-","Health",-4,"Fencing",4,"Drawn Crit",1,,,,
"Ceanataur Coat X","15100z","CeanataurHvyCpc",3,"Ceanataur Carpce",4,"Black Pearl",4,"PhantomButterfly",2,44,2,0,2,4,0,"Male/Female","Gunner",9,8,10,"OO-","Health",-3,"PierceSAdd",2,"Loading",4,,,,
"Rathian Tasset X","15600z","Rathian Hvy Cpc",2,"RathianDvnePlate",1,"FireWyvrnHrdClaw",3,"PhantomButterfly",3,90,2,-2,-4,0,0,"Male/Female","Blade",9,8,10,"OO-","Health",5,"SwdShrpner",-2,"Recovery",2,,,,
"Rathian Coat X","15600z","Rathian Hvy Cpc",2,"RathianDvnePlate",1,"FireWyvrnHrdClaw",3,"PhantomButterfly",3,44,4,0,-2,2,2,"Male/Female","Gunner",9,8,10,"OO-","Health",5,"Recovery",2,"Precision",-2,,,,
"Naruga Tasset X","15600z","Naruga Thck Scl",5,"Naruga Strng Wng",2,"Hvy Monster Bone",2,"Monster Broth+",5,90,-4,-3,0,3,2,"Male/Female","Blade",9,8,10,"OO-","Attack",-2,"Evade",5,"Evade Inc",2,,,,
"Naruga Coat X","15600z","Naruga Thck Scl",5,"Naruga Strng Wng",2,"Hvy Monster Bone",2,"Monster Broth+",5,44,-2,-1,1,4,3,"Male/Female","Gunner",9,8,10,"OO-","Attack",-2,"Evade",2,"Evade Inc",3,"Set Trap",2,,
"Volganos Tasset X","16100z","Volganos Hvy Cpc",4,"Volganos Fin+",2,"Firecell Stone",3,"Ancient Fish",6,92,4,0,1,-3,0,"Male/Female","Blade",9,8,10,"OO-","MixSucRate",-2,"Terrain",2,"Survival",3,"Fast Chrge",2,,
"Volganos Coat X","16100z","Volganos Hvy Cpc",4,"Volganos Fin+",2,"Firecell Stone",3,"Ancient Fish",6,46,5,2,2,-1,2,"Male/Female","Gunner",9,8,10,"OO-","MixSucRate",-2,"Terrain",2,"Survival",3,"Fast Chrge",2,,
"Tigrex Tasset X","16100z","Tigrex Hvy Cpc",2,"Tigrex Thck Scl",4,"Tigrex StrngClaw",2,"PhantomButterfly",3,92,3,-2,-1,2,3,"Male/Female","Blade",9,9,10,"OO-","Protection",-2,"HearProtct",3,"Cooking",1,"Observance",3,,
"Tigrex Coat X","16100z","Tigrex Hvy Cpc",2,"Tigrex Thck Scl",4,"Tigrex StrngClaw",2,"PhantomButterfly",3,46,4,-1,0,3,4,"Male/Female","Gunner",9,9,10,"OO-","Protection",-2,"HearProtct",3,"Cooking",1,"Observance",3,,
"Rathalos Tasset X","16100z","Rathalos Hvy Cpc",3,"Rathalos ThckScl",3,"FireWyvrnHrdClaw",4,"Blaze Sac",2,92,2,2,-4,-1,-3,"Male/Female","Blade",9,8,10,"OO-","Attack",5,"Drawn Crit",2,"Fast Chrge",-2,,,,
"Rathalos Coat X","16100z","Rathalos Hvy Cpc",3,"Rathalos ThckScl",3,"FireWyvrnHrdClaw",4,"Blaze Sac",2,46,4,5,-2,0,-1,"Male/Female","Gunner",9,8,10,"OO-","NormalS Up",2,"Attack",5,"Fast Chrge",-2,,,,
"Diablo Coil X","16100z","Diablos HvySpne",2,"Diablos Hvy Cpc",2,"Wyvern Stone",2,"Emperor Locust",5,92,3,1,0,-1,-2,"Male/Female","Blade",9,9,10,"OO-","Attack",3,"WindPress",4,"Map",-2,,,,
"Diablo Coat X","16100z","Diablos HvySpne",2,"Diablos Hvy Cpc",2,"Wyvern Stone",2,"Emperor Locust",5,46,5,4,0,2,-1,"Male/Female","Gunner",9,9,10,"OO-","Attack",3,"WindPress",4,"Map",-2,,,,
"Gravios Tasset X","16100z","Gravios Hvy Cpc",2,"Gravios Carapace",3,"Hrd Monster Bone",4,"GraviosDvnePlate",1,92,2,2,-2,-2,0,"Male/Female","Blade",9,9,10,"OO-","Health",3,"Guard",2,"Guard Up",2,"Technique",-2,,
"Gravios Coat X","16100z","Gravios Hvy Cpc",2,"Gravios Carapace",3,"Hrd Monster Bone",4,"GraviosDvnePlate",1,46,4,3,0,1,1,"Male/Female","Gunner",9,9,10,"OO-","Health",3,"Guard Up",2,"Recoil",2,"Technique",-2,,
"Kut-Ku Tasset Z","12800z","BlueKut-KuThkScl",2,"BlueKut-KuHvyCpc",3,"Bullfango Pelt+",3,,,80,2,0,-1,-2,-2,"Male/Female","Blade",9,7,10,"OO-","Health",-2,"Expert",3,"WindPress",1,"Recovery",3,,
"Kut-Ku Coat Z","12800z","BlueKut-KuThkScl",2,"BlueKut-KuHvyCpc",3,"Bullfango Pelt+",3,,,40,5,3,0,1,-1,"Male/Female","Gunner",9,7,10,"OO-","Health",-2,"Expert",3,"Load",1,"Recovery",3,,
"Conga Tasset Z","13300z","GrnCongalalaPelt",3,"ConglalaStrngFng",6,"Remobra Skin G",1,"Emperor Locust",4,82,2,1,0,1,-3,"Male/Female","Blade",9,7,10,"OO-","Sharpness",-2,"Guard Up",2,"Cooking",2,"Quake Res",3,,
"Conga Coat Z","13300z","GrnCongalalaPelt",3,"ConglalaStrngFng",6,"Remobra Skin G",1,"Emperor Locust",4,42,4,3,0,3,-1,"Male/Female","Gunner",9,7,10,"OO-","Guard Up",2,"PelletSAdd",3,"Cooking",2,"Fast Chrge",-2,,
"Gypceros Tasset Z","13300z","Pur Gyp StrngWng",3,"Venom Sac",2,"Antiseptic Stone",8,"Rare Scarab",4,82,-4,4,0,1,1,"Male/Female","Blade",9,7,10,"OOO","Faint",2,"Hunger",-3,"Stamina",2,,,,
"Gypceros Coat Z","13300z","Pur Gyp StrngWng",3,"Venom Sac",2,"Antiseptic Stone",8,"Rare Scarab",4,42,-1,6,0,4,3,"Male/Female","Gunner",9,7,10,"OO-","Faint",4,"Hunger",-3,"Stamina",3,,,,
"Khezu Tasset Z","13800z","Alluring Wing",2,"ChoiceKhezuSteak",1,"Wyvern Stone",2,"Rare Scarab",3,84,3,4,0,-3,0,"Male/Female","Blade",9,7,10,"OOO","Protection",-2,"HearProtct",3,"Wide Area",2,,,,
"Khezu Coat Z","13800z","Alluring Wing",2,"ChoiceKhezuSteak",1,"Wyvern Stone",2,"Rare Scarab",3,42,5,6,0,-1,1,"Male/Female","Gunner",9,7,10,"OO-","Protection",-3,"HearProtct",5,"Wide Area",1,,,,
"Hermitaur Tasset Z","13800z","Pur HermitaurShl",4,"Black Pearl",5,"Hvy Monster Bone",3,"Hrd Monster Bone",3,84,0,-2,1,3,-4,"Male/Female","Blade",9,7,10,"OOO","Guard",1,"Stamina",-3,"Survival",3,,,,
"Hermitaur Coat Z","13800z","Pur HermitaurShl",4,"Black Pearl",5,"Hvy Monster Bone",3,"Hrd Monster Bone",3,42,1,-1,2,6,-2,"Male/Female","Gunner",9,7,10,"OOO","Load",-3,"Recoil",1,"Survival",3,,,,
"Plesioth Tasset Z","14250z","GrnPlsiothThkScl",3,"GrnPlsioth Fin G",1,"Grn Plsioth Scl+",3,"Nova Crystal",2,86,-4,-4,0,4,2,"Male/Female","Blade",9,7,10,"OO-","Hunger",2,"PsychicVis",5,"Stamina",1,"Technique",-1,,
"Plesioth Coat Z","14250z","GrnPlsiothThkScl",3,"GrnPlsioth Fin G",1,"Grn Plsioth Scl+",3,"Nova Crystal",2,44,-2,-2,1,6,3,"Male/Female","Gunner",9,7,10,"OO-","Hunger",2,"PsychicVis",5,"Stamina",1,"Technique",-1,,
"Blango Tasset Z","14750z","Brwn BlngngaPelt",4,"Blngnga HrdWhskr",1,"WhtMnoblosThrcic",2,"Stout Bone",4,90,3,2,1,0,-3,"Male/Female","Blade",9,8,10,"OO-","Faint",3,"Sharpness",3,"Attack",1,"Cold Res",-2,,
"Blango Coat Z","14750z","Brwn BlngngaPelt",4,"Blngnga HrdWhskr",1,"WhtMnoblosThrcic",2,"Stout Bone",4,46,5,4,2,1,-2,"Male/Female","Gunner",9,8,10,"OO-","Faint",3,"NormalS Up",3,"Cold Res",-2,"Speed Fire",1,,
"Ceanataur Tasset Z","15100z","RedCeanataurShl",3,"RedCeanataurClaw",1,"Fire Stone",6,"Black Pearl+",1,91,2,-1,0,1,0,"Male/Female","Blade",9,8,10,"OO-","Sharpness",3,"Artisan",2,"Defence",-4,,,,
"Ceanataur Coat Z","15100z","RedCeanataurShl",3,"RedCeanataurClaw",1,"Fire Stone",6,"Black Pearl+",1,46,4,0,2,2,1,"Male/Female","Gunner",9,8,10,"OO-","Load",4,"PierceS Up",2,"Defence",-3,,,,
"Diablo Coil Z","16100z","Blk Blos Hvy Spn",2,"Blk Blos Hvy Cpc",2,"Remobra Skin G",4,"Hvy Monster Bone",4,94,3,1,0,-1,-2,"Male/Female","Blade",9,9,10,"OO-","Sharpness",3,"Expert",2,"Protection",-2,"HearProtct",2,,
"Diablo Coat Z","16100z","Blk Blos Hvy Spn",2,"Blk Blos Hvy Cpc",2,"Remobra Skin G",4,"Hvy Monster Bone",4,48,5,4,0,2,-1,"Male/Female","Gunner",9,9,10,"OO-","Expert",2,"Load",3,"Protection",-2,"HearProtct",2,,
"Gravios Tasset Z","16100z","BlkGraviosHvyShl",2,"Blk Gravios Cpc",3,"Firecell Stone",5,"Pure Crystal",2,94,2,2,0,-2,1,"Male/Female","Blade",9,9,10,"OO-","ElementAtk",2,"Defence",5,"Stamina",-2,,,,
"Gravios Coat Z","16100z","BlkGraviosHvyShl",2,"Blk Gravios Cpc",3,"Firecell Stone",5,"Pure Crystal",2,48,4,3,0,1,2,"Male/Female","Gunner",9,9,10,"OO-","ElementAtk",2,"Defence",5,"Stamina",-2,,,,
"Crystal Sash","11000z","Pure Crystal",1,"ChoiceKhezuSteak",1,"Emperor Locust",3,,,30,0,0,0,0,0,"Male/Female","Blade/Gunner",10,7,10,"OOO",,,,,,,,,,
"True Golden Obi","23700z","Rajang Hvy Fang",4,"ShiningRajangPlt",1,"BlkRajangThkPelt",3,"GldRathianThkScl",2,81,3,2,3,2,-2,"Male/Female","Blade",10,9,10,"OO-","Sneak",-2,"Artisan",1,"Dragon Res",2,"Fast Chrge",4,,
"True PuppetMastr Obi","23700z","BlkRajangThkPelt",4,"Rajang StrngClaw",2,"DaoraDrgnThckScl",2,"Remobra Skin G",2,40,4,3,4,3,-1,"Male/Female","Gunner",10,9,10,"OO-","Sneak",2,"NormalS Up",1,"Dragon Res",2,"Fast Chrge",4,,
"Black Belt Tasset X","19800z","Azure LaoS Claw",1,"Blackbelt Coin G",12,"Expert Coin G",12,"Commendation G",1,82,1,1,1,1,1,"Male/Female","Blade",10,8,10,"OO-","Artisan",3,"All Resist",1,"Potential",-2,"FlyneGuide",3,,
"Black Belt Coat X","19800z","Azure LaoS Claw",1,"Blackbelt Coin G",12,"Expert Coin G",12,"Commendation G",1,42,3,3,3,3,3,"Male/Female","Gunner",10,8,10,"OO-","NormalS Up",3,"All Resist",1,"Potential",-2,"FlyneGuide",3,,
"Obituary Anka X","13800z","PhantomButterfly",2,"Great Hornfly",3,"Venom Sac",6,"Great Ladybug",3,84,3,3,2,-5,-4,"Male","Blade",10,7,10,"OOO","Cold Res",-2,"Gathering",2,"Evade",3,,,,
"Obituary Cocusa X","13800z","PhantomButterfly",2,"Great Hornfly",3,"Venom Sac",6,"Great Ladybug",3,42,4,5,2,-4,-3,"Male","Gunner",10,7,10,"OOO","Cold Res",-2,"Gathering",2,"Evade",3,,,,
"Butterfly Anka X","13800z","PhantomButterfly",2,"Great Hornfly",3,"Venom Sac",6,"Great Ladybug",3,84,3,3,2,-5,-4,"Female","Blade",10,7,10,"OOO","Cold Res",-2,"Gathering",2,"Evade",3,,,,
"Butterfly Cocusa X","13800z","PhantomButterfly",2,"Great Hornfly",3,"Venom Sac",6,"Great Ladybug",3,42,4,5,2,-4,-3,"Female","Gunner",10,7,10,"OOO","Cold Res",-2,"Gathering",2,"Evade",3,,,,
"True Mizuha Sash","21000z","Chameleos Hide G",2,"Chameleos Tail G",1,"Ancient DrgnBone",3,"Chameleos Jewel",1,92,-4,0,-1,3,4,"Male/Female","Blade",10,9,10,"OO-","Sneak",1,"HearProtct",4,"Terrain",-2,"Daora Res",2,,
"True Extrvagant Coat","21000z","Chameleos Hide G",2,"Chameleos Tail G",1,"Ancient DrgnBone",3,"Chameleos Jewel",1,46,-3,1,0,4,5,"Male/Female","Gunner",10,9,10,"OO-","Sneak",1,"HearProtct",4,"Terrain",-2,"Daora Res",2,,
"Kushala Cocoon X","24000z","Daora Hvy Carpce",2,"DaoraDrgnThckScl",3,"Daora Sharp Claw",2,"Daora Jewel",1,94,0,-2,-3,2,4,"Male/Female","Blade",10,9,10,"OO-","Poison",-2,"Sharpness",1,"Evade",4,"FireDrgRes",2,,
"Kushala Wind Wrap X","24000z","Daora Hvy Carpce",2,"DaoraDrgnThckScl",3,"Daora Sharp Claw",2,"Daora Jewel",1,48,2,-2,-2,3,5,"Male/Female","Gunner",10,9,10,"OO-","Poison",-2,"Load",4,"Recoil",1,"FireDrgRes",2,,
"Kirin Hoop X","24000z","Kirin Hide G",1,"KirinThndrTail G",3,"Kirin Azure Horn",2,"Lightning Sac",3,96,0,4,-1,2,0,"Male/Female","Blade",10,9,10,"OO-","ElementAtk",1,"Protection",2,"All Resist",-2,"Stamina",4,,
"Kirin Shorts X","24000z","Kirin Hide G",1,"KirinThndrTail G",3,"Kirin Azure Horn",2,"Lightning Sac",3,48,1,6,0,4,1,"Male/Female","Gunner",10,9,10,"OO-","ElementAtk",4,"Protection",2,"All Resist",-2,"Stamina",1,,
"Empress Tasset X","27000z","Fire Drgn HvyScl",4,"Lunastra Horn G",1,"Lunastra Carpace",3,"Commendation S",1,98,5,0,-2,-1,0,"Male/Female","Blade",10,"9!","8!","OO-","Wide Area",1,"Recovery",3,"Everlastng",-2,"ChmleosRes",3,,
"Empress Coat X","27000z","Fire Drgn HvyScl",4,"Lunastra Horn G",1,"Lunastra Carpace",3,"Commendation S",1,49,6,2,-1,1,0,"Male/Female","Gunner",10,"9!","8!","OO-","Wide Area",3,"Recovery",3,"Everlastng",-2,"ChmleosRes",1,,
"True Indra Wrap","31500z","Gaoren Hvy Cpc",2,"GaorenStrngClaw",1,"Daora Hvy Carpce",1,"GaorenDvinePlate",1,100,-2,2,-2,3,2,"Male/Female","Blade",10,9,10,"OOO","Guard",2,"Cooking",-2,"Quake Res",3,,,,
"True Steadfast Coat","31500z","Gaoren Hvy Cpc",2,"GaorenStrngClaw",1,"Daora Hvy Carpce",1,"GaorenDvinePlate",1,50,0,3,-1,5,3,"Male/Female","Gunner",10,9,10,"OOO","Recoil",2,"Cooking",-2,"Quake Res",3,,,,
"Kaiser Tasset X","31500z","Fire Drgn HvyScl",4,"Teostra Mane",3,"Firecell Stone",4,"Fire Drgn Jwl",1,100,5,0,-2,-1,0,"Male/Female","Blade",10,9,10,"OO-","Expert",4,"Everlastng",-2,"ChmleosRes",3,,,,
"Kaiser Coat X","31500z","Fire Drgn HvyScl",4,"Teostra Mane",3,"Firecell Stone",4,"Fire Drgn Jwl",1,50,6,2,-1,1,0,"Male/Female","Gunner",10,9,10,"OO-","Expert",6,"Everlastng",-2,"ChmleosRes",1,,,,
"True GuardnSpritCoil","31500z","Dragonmoss G",2,"Dragonwood G",2,"YamatsukamiFluid",3,"Commendation S",1,100,2,3,-2,2,-2,"Male/Female","Blade",10,9,10,"OO-","Paralysis",3,"Fencing",3,"Hunger",-2,"Cooking",1,,
"True Carnage Wrap","31500z","Dragonmoss G",2,"Dragonwood G",2,"YamatsukamiFluid",3,"Commendation S",1,50,4,5,-1,3,-1,"Male/Female","Gunner",10,9,10,"OO-","Hunger",-2,"Loading",3,"Cooking",1,"Para CtAdd",3,,
"Dragon Spine X","44444z","Fatalis Hvy Shl",3,"Fatalis Thck Scl",2,"Fatalis Hrd Wbng",1,"Rathalos Ruby",3,100,0,2,-5,2,2,"Male/Female","Blade",10,9,10,"OO-","Sharpness",3,"Dragon Res",-3,"Evade Inc",1,"Status Res",2,,
"Dragon Scale X","44444z","Fatalis Hvy Shl",3,"Fatalis Thck Scl",2,"Fatalis Hrd Wbng",1,"Rathalos Ruby",3,50,2,4,-2,4,3,"Male/Female","Gunner",10,9,10,"OO-","PierceS Up",3,"Dragon Res",-3,"Evade Inc",1,"Status Res",2,,
"Ucamulbas Cincture","31500z","Ucamulbas Scale",4,"Ucamulbas Tail",2,"Lg Wyvern Stone",5,"Ucamu Divine Jwl",1,100,-4,-2,0,3,5,"Male/Female","Blade",10,9,10,"OO-","Artisan",3,"Fencing",1,"Protection",-3,"Quake Res",2,,
"Ucamulbas Sash","31500z","Ucamulbas Scale",4,"Ucamulbas Tail",2,"Lg Wyvern Stone",5,"Ucamu Divine Jwl",1,50,-2,0,1,5,6,"Male/Female","Gunner",10,9,10,"OO-","Load",3,"Protection",-3,"Loading",3,,,,
"Melahoa Skirt Z","11700z","Emperor Locust",5,"Dosbiscus",5,"FlynMealPassPlus",2,"Monster Broth",6,78,0,1,0,1,0,"Male/Female","Blade",10,7,10,"OO-","HiSpdGathr",1,"Whim",-3,"Evade Inc",4,"Set Trap",1,,
"Melahoa Trunk Z","11700z","Emperor Locust",5,"Dosbiscus",5,"FlynMealPassPlus",2,"Monster Broth",6,38,0,1,0,2,0,"Male/Female","Gunner",10,7,10,"OOO","HiSpdGathr",3,"Whim",-2,"Set Trap",2,,,,
"Makluva Coat Z","13300z","Etherlite Ore",5,"Plsioth Thck Scl",4,"Springnight Carp",5,"Book of Combos 5",1,82,0,-2,0,2,0,"Male/Female","Blade",10,7,10,"OO-","Protection",-3,"HearProtct",3,"MixSucRate",3,,,,
"Makluva Fin Z","13300z","Etherlite Ore",5,"Plsioth Thck Scl",4,"Springnight Carp",5,"Book of Combos 5",1,42,0,-1,0,3,0,"Male/Female","Gunner",10,7,10,"OO-","Protection",-2,"HearProtct",2,"MixSucRate",5,,,,
"Rathian Heart Coil Z","21000z","PnkRathianThkScl",3,"PnkRathianHvyCpc",2,"Blaze Sac",2,"RathianDvnePlate",1,92,2,-2,-4,0,0,"Male/Female","Blade",10,8,10,"OOO","Protection",3,"Wide Area",2,"Potential",-2,,,,
"Rathian Heart Coat Z","21000z","PnkRathianThkScl",3,"PnkRathianHvyCpc",2,"Blaze Sac",2,"RathianDvnePlate",1,46,4,0,-2,2,2,"Male/Female","Gunner",10,8,10,"OO-","Protection",2,"Wide Area",5,"Potential",-2,,,,
"Rathalos Soul Coil Z","21500z","AzrRathlosHvyCpc",2,"AzrRathlosThkScl",4,"Rathalos Ruby",1,"Blaze Sac",2,94,2,2,-4,-1,0,"Male/Female","Blade",10,8,10,"OO-","Health",-2,"Expert",2,"HearProtct",1,"Technique",4,,
"Rathalos Soul Coat Z","21500z","AzrRathlosHvyCpc",2,"AzrRathlosThkScl",4,"Rathalos Ruby",1,"Blaze Sac",2,48,4,5,-2,2,1,"Male/Female","Gunner",10,8,10,"OO-","Health",-2,"Expert",2,"HearProtct",1,"Technique",4,,
"Golden Moon Tasset Z","24000z","GldRathianThkScl",3,"GldRathianHvyCpc",4,"Rathian Ruby",1,"RathianDvnePlate",1,96,2,-2,1,0,0,"Male/Female","Blade",10,9,10,"OOO","Whim",-2,"Fate",3,"Trapper",2,,,,
"Golden Moon Coat Z","24000z","GldRathianThkScl",3,"GldRathianHvyCpc",4,"Rathian Ruby",1,"RathianDvnePlate",1,48,4,0,2,2,1,"Male/Female","Gunner",10,9,10,"OOO","Whim",-2,"Fate",3,"Trapper",2,,,,
"Silver Sol Tasset Z","24500z","SlvrRthlosHvyCpc",2,"SlvrRthlosThkScl",4,"RathlosDvnePlate",1,"Rathalos Plate",1,98,2,-1,1,-1,0,"Male/Female","Blade",10,9,10,"OOO","Fencing",1,"Attack",3,"Defence",-3,,,,
"Silver Sol Coat Z","24500z","SlvrRthlosHvyCpc",2,"SlvrRthlosThkScl",4,"RathlosDvnePlate",1,"Rathalos Plate",1,50,4,1,2,2,1,"Male/Female","Gunner",10,9,10,"OOO","PierceS Up",1,"Attack",3,"Defence",-3,,,,
"Auroros Tasset Kyoku","35500z","Lao-ShanThckScl",5,"Azure LaoS Claw",1,"Tigrex Thck Scl",6,"Commendation S",1,98,-2,0,-4,2,2,"Male","Blade",10,9,10,"OO-","Faint",-2,"Rec Speed",4,"Drawn Crit",3,,,,
"Genesis Tasset Kyoku","35500z","Lao-ShanThckScl",5,"Azure LaoS Claw",1,"Tigrex Thck Scl",6,"Commendation S",1,50,1,2,-2,3,3,"Male","Gunner",10,9,10,"OO-","Faint",-2,"Rec Speed",4,"PelletS Up",3,,,,
"BorealisTasset Kyoku","35500z","Lao-ShanThckScl",5,"Azure LaoS Claw",1,"Tigrex Thck Scl",6,"Commendation S",1,98,-2,0,-4,2,2,"Female","Blade",10,9,10,"OO-","Faint",-2,"Rec Speed",4,"Drawn Crit",3,,,,
"Glyph Tasset Kyoku","35500z","Lao-ShanThckScl",5,"Azure LaoS Claw",1,"Tigrex Thck Scl",6,"Commendation S",1,50,1,2,-2,3,3,"Female","Gunner",10,9,10,"OO-","Faint",-2,"Rec Speed",4,"PelletS Up",3,,,,
"Fatalis Spine Z","55555z","FataHvyCrmsnShl",3,"FataThkCrmsnScl",2,"FataHrdCrmsnWng",1,"BlkGravDvnePlate",1,103,0,2,-5,2,2,"Male/Female","Blade",10,9,10,"OO-","Rec Speed",-3,"Artisan",3,"Evade",1,"Rage",2,,
"Fatalis Scale Z","55555z","FataHvyCrmsnShl",3,"FataThkCrmsnScl",2,"FataHrdCrmsnWng",1,"BlkGravDvnePlate",1,53,2,4,-2,4,3,"Male/Female","Gunner",10,9,10,"OO-","Rec Speed",-3,"Evade",1,"Loading",3,"Rage",2,,
"Wht Fatalis Spine Z","66666z","WhtFatalisHvyCpc",3,"WhtFatalisThkScl",2,"Wht Fatalis Wng",1,"Elder Dragon Jwl",1,104,0,2,-5,2,2,"Male/Female","Blade",10,9,10,"OO-","Rec Speed",4,"Fate",-3,"SwdMastery",2,,,,
"Wht Fatalis Scale Z","66666z","WhtFatalisHvyCpc",3,"WhtFatalisThkScl",2,"Wht Fatalis Wng",1,"Elder Dragon Jwl",1,54,2,4,-2,4,3,"Male/Female","Gunner",10,9,10,"OO-","Rec Speed",4,"Fate",-3,"Marksman",2,,,,
